RENTA_FIJA,CETES_28,VISTA,CEDEVIS,CARSO,FRESNILLO,MXN/USD
0,-0.056753689,-0.027954545,0.000353482,-0.016666667,0.019588147,0.00123765
-0.01,-0.031868132,-0.013452915,0.000707464,0.008403361,-0.006487026,0.001472536
-0.03,-0.037037037,-0.012618995,0.000353857,-0.084615385,-0.009881423,-0.009070009
-0.05,-0.04158215,-0.010731494,0,0.023622047,0.014028056,-0.000403998
-0.03,0.001015228,-0.032217041,0.000708215,0.016,0.015776081,-0.003773841
0.02,-0.019900498,-0.017697273,0.001063453,0.024590164,-0.021414343,-0.001997913
-0.03,-0.018554688,-0.017791411,0.003557453,0.042735043,0.01928934,-0.001208761
0.07,-0.019157088,0.027310924,0.000355872,0.054054054,-0.051973051,-0.003664905
-0.04,-0.029739777,0.016442451,-0.000355745,0,0.017629775,0.001559754
-0.02,-0.014652015,0.032407407,0.002139037,0.009090909,-0.055137056,-0.007840791
-0.02,-0.004557885,-0.05124451,0.000356633,0,0.021738103,0.00299048
0,-0.001819836,0.06885759,0,0.018518519,0.037249537,-0.00371134
-0.02,0.001823154,0.107726597,0.000713776,-0.018181818,0.029264501,0.008641038
0.07,-0.004537205,-0.01174743,0.002504472,-0.017857143,0.073679875,0.000780486
0,-0.002714932,0.071035387,0.000716076,0.12,0.045294904,-0.002905348
0.01,-0.02125775,0.081349206,-0.000715564,-0.00990099,0.024359674,-0.00247895
0.01,0.007136485,-0.08101068,-0.002142092,-0.038095238,0.034194292,0.000150105
-0.03,0.029384757,0.097484277,0,-0.078947368,0.013379065,0.002854948
-0.07,-0.017148014,-0.055360518,0.003223496,0.04587156,-0.10646206,-0.00554916
0.01,0,-0.043893623,0.000716846,0.038095238,-0.014987047,-0.007297063
0.05,-0.007168459,-0.106162012,0.00143575,-0.009433962,-0.019409424,0.001884177
0.04,-0.005347594,-0.084899683,0.000359066,0.00952381,0.018158694,0.005939162
0.01,0.005376344,-0.00816925,0.001798561,-0.018691589,-0.012131386,-0.003822547
-0.01,-0.014134276,0.025343643,0.000359842,0.019047619,0,-0.009120013
0,0.002657219,-0.019789474,0.000359971,-0.009433962,0.004230549,0.006413151
0,0.005342832,-0.020012379,-0.000359842,0,0.003191014,-0.003731305
-0.06,0.028388278,0.007692308,0,0.019230769,0.014021615,-0.00121503
0.08,0.029217719,-0.004758949,-0.000359712,-0.00952381,0.010892439,-0.004598928
-0.03,0.065261044,0.030270731,0.003247925,0,-0.019761874,0.002138874
-0.01,0.057324841,-0.002127207,-0.001441441,0.019417476,-0.008477809,-0.001042885
-0.05,0.054871221,0.012055974,0,-0.028301887,-0.010475761,0.002422295
0.01,0.026436782,-0.001504729,0.001443522,-0.009345794,0.017053453,0.001158944
0.06,0.054545455,0.017275312,0.001445609,0.028846154,0.023456858,0.000740843
0.05,0.06314433,-0.069582909,0.000361533,0.019607843,0.018906745,0.001253338
-0.05,0.061559508,-0.001625025,0.000723589,0.00990099,0.005591903,-0.00177199
0.03,0.05788712,0.039704329,0.000361925,-0.009803922,0.047418792,-0.002307951
-0.01,0.053353659,0.002328535,0.001086957,-0.019230769,0.018480517,0.003015003
0.07,0.039619651,0.106323185,0.000725163,0.009708738,-0.011778299,-0.005235921
0.05,0.074957411,0.002818225,0.001452433,0.009803922,0.011918681,-0.015114876
0.04,0.061482821,-0.068678915,0,-0.037735849,0.01207467,-0.002377468
0.01,0.04536862,0.01038674,0.000726744,0.00952381,0.062177761,-0.004039299
,,-0.014375953,0.001820167,-0.036697248,0.034482759,-0.011496683
,,-0.004769131,0.000364166,0.018691589,0.015494267,-0.007598087
,,-0.065248227,0.001093693,-0.009259259,-0.011980671,-0.01316138
,,-0.028160693,0.000729661,0,-0.007268306,0.003799543
,,0.042924625,0,-0.027027027,0.024366802,-0.000386572
,,-0.054195804,0.002560351,-0.008928571,-0.025075557,0.00944832
,,-0.00038835,0.000365898,-0.01754386,-0.02382118,0.026548761
,,-0.010186431,0.001098901,0.008849558,-0.013346892,-0.023757381
,,-0.040213983,0,-0.00877193,0.021423007,0.004818579
,,-0.021303484,0.000366435,0.036363636,-0.017225979,-0.003880027
,,0.045291564,0.000733407,-0.026548673,-0.000637592,0.001848012
,,0.036175205,0.000733945,0.018018018,-0.017527155,0.004040712
,,-0.005445352,-0.000733407,0,0.00062681,0.011041834
,,-0.005223447,-0.000366569,0,0.008215473,0.001001185
,,0.019325577,0.000733676,0.009090909,0.001265518,-0.001794922
,,-0.0011818,0,0.028037383,-0.014344697,-0.005144364
,,-0.053857622,0.00183756,0,0.048371911,0.004062678
,,0.0193769,0.001103753,0.009433962,0.015929109,0.003949081
,,-0.016809862,0.001842978,-0.009345794,-0.002650025,0.003542746
,,0.022145857,0.000368732,-0.027272727,0.058172794,0.005797889
,,-0.016522719,0.00110742,0.028037383,0.00562582,-0.010729507
,,0.008712121,0,-0.036036036,0.019404079,-0.00485562
,,-0.021316033,0,0.009090909,-0.023152958,-0.007670069
,,-0.028278098,0.000369276,0.009174312,0.055547322,0.002296449
,,0.010189229,0.000739098,0.018691589,0.027392463,0.000453582
,,0.043478261,0.000739645,-0.027272727,-0.021586914,0.000261371
,,-0.025892362,0.004457652,-0.009009009,-0.020416502,-0.005473459
,,-0.051070551,0.001488095,0.018348624,0.010306086,-0.022180339
,,-0.030457717,0.001117318,0.018691589,-0.009492654,0.020481273
,,0.001704449,0,0.009433962,-0.012247018,-0.003642481
,,0.020880459,0,0,0.011674912,0.001748713
,,0.013044245,0.001118568,0,0.029275693,0.002178415
,,-0.027430139,0.001119821,-0.036363636,-0.021316006,-0.001983555
,,-0.019663866,-0.00074599,0.018518519,0.021780275,0.000210125
,,0.012076884,0.000373134,0.018867925,0.016785032,0.005858991
,,0.031222593,0.000746826,0.029126214,0.016298021,-0.00139889
,,-0.014520311,0.000747384,-0.037383178,-0.035178363,-0.00232606
,,0.024075058,0.000373832,0.009433962,-0.001495349,0.007852253
,,-0.017565217,0.002248033,0.00952381,0.032404477,-0.001050141
,,0.055239493,0.000374813,0.019417476,0.004652966,-0.001240878
,,0.005907329,0.001125704,0,0.001553398,-0.009249773
,,-0.030948122,0,-0.028301887,-0.007707129,0.000297682
,,0.033080761,0.001503194,0.019230769,-0.000770119,-0.003709646
,,0.000369754,-0.000375657,0,0.045053601,-0.004900988
,,-0.001476832,-0.000375516,0,0.008932051,0.005746623
,,0.001479016,0.001881114,0.009708738,-0.023006378,0.001886654
,,0.001666667,0.000376364,-0.028301887,-0.009414538,-0.005999137
,,0.005399367,0.000753296,-0.018518519,-0.000785238,0.010256134
,,0.002800597,0,-0.009174312,-0.002350176,-0.008734981
,,-0.006676558,-0.000376506,0,0.011073092,0.007682264
,,-0.018029503,0,0,-0.026209024,-0.005737151
,,-0.054905336,0.00075358,0.009259259,-0.00230858,4.38E-05
,,0.001724138,0.000376932,0,-0.009904762,-0.006444382
,,0.000344947,-0.00037679,-0.009174312,-0.01351392,0.023470372
,,-0.007361753,0.000754148,-0.009090909,-0.020611271,-0.008276822
,,0.004643963,-0.000376932,-0.009009009,-0.027893464,-0.007078974
,,0.042122244,0.000377074,0,0.026427123,-0.004656955
,,-0.028725627,0,-0.008928571,-0.007276917,0.004517354
,,0.037384865,0.001132503,-0.034482759,0.046516597,-0.008446761
,,-0.01318838,0.000755572,0,-0.012046921,-0.00265727
,,0.011537768,0.001513432,0.054545455,-0.008224422,0.013945088
,,-0.009994646,-0.000756144,-0.043478261,0.004506264,0.000268528
,,0.051811526,0.00303375,0.045454545,0.028567014,-0.015345269
,,0.000751456,0.001138952,0.047619048,0.00232288,0.004670482
,,-0.002623197,-0.000758725,-0.018691589,0.0125441,0.011248303
,,-0.002802691,-0.000379219,-0.018348624,0.00472627,0.004508814
,,-0.034980166,0.001899696,0.018691589,-0.005483745,0.001882619
,,-0.018580782,0.001141118,0.019047619,0.008676275,0.001205738
,,0.091558818,0.00152381,-0.009433962,-0.029881181,-0.016994988
,,0.014302508,0.000381098,-0.009345794,0.00772499,-0.001010067
,,0.023255814,-0.000380952,-0.036036036,-0.010699274,-0.004546286
,,-0.004192454,0,0.057142857,-0.015780606,0.013451778
,,0.052089897,0,0,0.007578743,0.011939827
,,-0.032906764,0.001526135,-0.009433962,0.018510228,0.005087847
,,0.030131827,0.001145913,-0.009345794,0.030202303,0.000491174
,,0.002517306,0.001530222,-0.018348624,-0.007106086,-0.00193119
,,0.00739645,0.001148985,-0.026785714,0.016860428,0.004541498
,,-0.006508503,-0.000382848,0.056603774,-0.078402936,-0.016472442
,,-0.019151565,-0.000382702,-0.018518519,-0.034284653,0.014930857
,,-0.029382371,0.000382848,0.018867925,-0.015477045,-0.004783483
,,-0.005565494,0.001149866,-0.018518519,0.017174016,0.004542115
,,-0.00138944,-0.000383142,0,-0.03917659,0.000139013
,,0.020664506,0.000383289,0.028571429,0.008319237,-0.00112573
,,-0.010028079,0.00115119,-0.009433962,-0.019041919,-0.004138578
,,-0.016568047,0,-0.009345794,-0.005397654,0.004654001
,,0.000987167,0.000383877,-0.018348624,-0.026343173,-0.003599061
,,-0.027457757,-0.00229797,0,-0.024402467,0.001544837
,,-0.016058946,0,-0.009090909,0.033864304,-0.004274516
,,0.084186809,-0.005333333,0.028037383,-0.007253927,-0.001982946
,,0.022622539,-0.000761325,-0.018348624,-0.01684388,-0.005500179
,,0.001468429,-0.000380518,-0.009090909,0.01048218,0.00563451
,,-0.013860157,0,0.009174312,-0.007154937,-0.004706793
,,0.002904564,0.001906214,0,0.028760322,-0.010875989
,,-0.014919272,-0.001142422,-0.026785714,0.063296003,-0.003702005
,,0.043283582,-0.000380662,-0.01754386,0.027022682,0.020650958
,,-0.019648829,0.000761905,-0.008695652,0.023177917,-0.00917158
,,-0.017053626,-0.001141553,0.00877193,0.022147497,0.005383389
,,-0.013579246,-0.000760456,0.017857143,-0.003047619,0.00429762
,,0.00632266,-0.000380084,0.009009009,-0.010539171,0.005226705
,,-0.000815162,-0.000379939,-0.026315789,0.014516252,-0.010000638
,,0.028290025,0.000760456,-0.042016807,0.034807522,-0.005138089
,,-0.003965769,-0.000759878,0.101851852,0.021009761,-0.005266351
,,-0.013588635,0,-0.035714286,-0.008810432,0.001614056
,,-0.005731832,0.000380084,0.018181818,-0.018073142,0.005823904
,,0.068460192,0.000380228,0.009174312,0.011117119,0.015745137
,,0.007270324,0.000380373,0,-0.004748639,0.015407738
,,0.027387958,0,-0.018018018,0.016083376,-0.023713274
,,-0.038938438,0.000761325,0.018348624,0.017177633,0.001963541
,,0.01055177,0.001143293,-0.026785714,-0.015303821,0.01161868
,,-0.060512185,0.001144601,0.056603774,-0.024345776,-0.002692775
,,-0.034111311,0.002677888,-0.009345794,0.027435972,0.002645001
,,0.054258675,0.000382702,-0.027272727,0.034220151,-0.006145315
,,0.003164557,0.001533154,0.009174312,0.005879685,0.007037681
,,-0.006289308,-0.001530808,0,0.015351289,0.001004965
,,0.016190882,0,0.028301887,-0.003399799,0.00353231
,,-0.015726567,0.001917178,0,0.04529301,0.004627366
,,-0.002301255,0.001151631,0,-0.010548894,-0.004780825
,,0.0088645,0.00230858,0.039215686,-0.008714141,0.001774003
,,0.015866209,0.000384911,0.00990099,0.010567473,-0.005447957
,,0.022134561,0,-0.009803922,0.056747753,0.0088239
,,0.001976285,0.00154202,0.00990099,0.036639012,-0.004957027
,,-0.047280335,-0.000770416,-0.019417476,0.008758272,0.001950484
,,-0.004581424,0.000385356,0,0.018837993,0.013888889
,,-0.010305029,-0.001539053,-0.009615385,-0.007869368,0.014372867
,,-0.020391682,-0.000384615,-0.00952381,-0.008775351,-0.002902316
,,0.008963129,0.003473562,-0.009433962,0.00885304,-0.005791516
,,-0.058315749,-0.00192604,0.029126214,-0.005867397,0.004830694
,,0.00812222,0,0,-0.056276417,0.003322448
,,0.017312611,-0.00115429,0,0.000923719,0.000744617
,,-0.000393314,0,-0.055045872,-0.023453427,0.006563367
,,-0.009544215,0.001541426,-0.018018018,0.014644237,-0.013103689
,,0.034663442,-0.001154734,0.037383178,-0.014432878,0.004090053
,,0.028393782,0.00038506,0,0.002713508,-0.013006516
,,-0.005769627,-0.000769527,-0.036036036,0.016550507,-0.001306578
,,-0.027844551,-0.000384615,-0.034782609,-0.010913258,0.002073463
,,0.016700611,0.00308642,0.00877193,0.004567962,0.002144279
,,-0.013461925,0.003095975,-0.008695652,0.003667773,0.011923828
,,0.00383219,0.002327386,0.036036036,0.025385961,-0.003028586
,,0.007109486,0.000388048,-0.017699115,-0.020265664,0.002193831
,,0.01026062,0,0.018018018,0.002771158,0.004938451
,,-0.000615258,0.004286828,-0.026315789,-0.0027635,-0.00134692
,,0.063931922,-0.00038956,0.017857143,0.005557717,0.00188405
,,0.029656257,0.0019516,0.037037037,0.009349464,0.000971514
,,0.034394608,0,-0.009174312,0.000935821,-0.017377366
,,0.016056671,0.000390472,0.009259259,-0.019183464,-0.012616563
,,0.04284659,0.001956182,-0.035714286,0.022525059,-0.01093313
,,0.011709018,0.000391389,-0.01754386,-0.030923709,0.008978964
,,-0.063899254,0.000391543,-0.05,-0.040141079,-0.006864097
,,-0.048379938,0,0.008403361,-0.031274314,0.000719899
,,0.071836346,0.000783699,0.043859649,0.005955217,0.007900836
,,-0.03111316,0.001176932,-0.042016807,0.024384292,0.000630247
,,-0.026911864,-0.001175549,-0.008333333,0.003498155,0.00179311
,,0.007683616,0.000392003,-0.032258065,-0.01207838,0.00735238
,,-0.015353805,0.000392157,-0.008,-0.00515712,-0.008240483
,,-0.051698671,0,-0.038461538,-0.041189366,0.010870397
,,-0.009199247,0.001964637,-0.015151515,0.011672308,-0.00333008
,,-0.007676349,0.002758077,0.056,-0.006625698,0.014817872
,,0.004794663,0.001578532,-0.0234375,-0.019489695,0.016318141
,,0.02368758,0.000789889,-0.044776119,-0.01360141,-0.018158416
,,-0.010348469,0.000395101,0.007518797,-0.008734318,0.008829563
,,-0.011894825,0.001979414,-0.014814815,0.008003842,0.016294709
,,-0.001458637,-0.000395726,0.038461538,0.004018001,0.011160512
,,0.023895882,0.000792079,-0.057971014,0.00403421,0.006062461
,,0.001709767,0,0.037593985,-0.008003842,-0.001528044
,,0.05098832,-0.001186709,0.015267176,0.027957414,-0.01042562
,,-0.020677519,0.001981768,0.0234375,0.038429992,-0.010026945
,,-0.008289703,0.001190476,-0.022900763,0.00601664,0.000352039
,,0.005263158,0,0,-0.01855851,0.010362694
,,0.001757469,0,0.03968254,0.028634896,-0.013263489
,,0.03407542,0.002386635,-0.030769231,0.004340021,-0.005159206
,,-0.032102023,0.001992826,0.04,0.040798926,-0.007294361
,,-0.005249344,0.000797766,-0.015748031,-0.01954716,-0.003120085
,,0.013297872,0.000399042,-0.030534351,0.000890107,0.018184014
,,-0.022106632,0.0024,0.27184466,-0.005312273,0.018079761
,,0.052703628,-0.000799361,-0.022770398,0.004446579,0.00586116
,,0.02742616,-0.000798722,0.007648184,0.005364519,-0.010271421
,,-0.019761029,0.002401922,-0.013207547,-0.007982545,0.005791733
,,0.025689371,0.000400481,0.013384321,0.013483631,0.012700908
,,0,-0.001998401,0,-0.015051441,0.00339951
,,-0.027058014,-0.000399521,0.06300813,0.044365129,0.002136729
,,-0.005926601,-0.005957109,-0.037181996,-0.002766303,0.013652914
,,-0.003860127,0.00159109,-0.022944551,-0.000921251,0.010496519
,,0.015448467,0.002792182,-0.013207547,-0.004585137,-0.004795244
,,-0.022978148,0,-0.036363636,0.012065189,0.005941634
,,0.036423068,-0.002784407,0.037735849,-0.027948686,0.008278948
,,0.009665252,0.000397931,0.029126214,0.006336928,0.003636981
,,-0.004459047,0.000398089,-0.049815498,-0.016061315,-0.005859298
,,-0.008839265,-0.000397931,-0.028673835,0.001789773,0.007563654
,,-0.079048843,-0.000397772,0.066921606,-0.057345796,-0.009484152
,,-0.036532508,0,0.071721311,0.026852846,-0.000538455
,,-0.003291504,0.000796178,-0.092936803,0.015821058,-0.006353523
,,0.042015005,0,-0.061082024,-0.077863066,-0.003703601
,,0.01523395,0,0.021390374,-0.004828811,-0.004873547
,,0.036777978,-0.000397931,-0.007079646,-0.013541501,0.000104997
,,-0.0209852,0.000398089,0,0.00319642,-0.002189077
,,-0.02012987,0.000796813,-0.027538726,0.019536915,-0.00619229
,,-0.057335238,-0.000796178,-0.025167785,0.030216045,-0.007678211
,,0.008851379,0.001594896,0.006756757,-0.022159846,0.00777628
,,0.0229522,0.000798085,0.018932874,-0.01772009,-0.007046737
,,0.000421319,0,-0.056818182,-0.018204844,0.008550339
,,-0.002940559,-0.001593625,-0.023771791,-0.011717956,0.004647906
,,0.022771214,0.000797448,0.017741935,0.039823657,0.009714575
,,0.034444444,0.001197605,-0.004815409,0.033612456,-0.012213497
,,-0.007717751,0.000799041,0.038333333,0,-0.011840654
,,-0.019247405,0.00079968,-0.025974026,0.033900073,-0.001101884
,,0.002601908,0.003208985,-0.011235955,-0.004327356,0.000553962
,,-0.008811519,0.003219316,0,0.000866221,-0.006045949
,,0.018607706,-0.000402253,0.024671053,-0.004312427,0.0039889
,,0.057407407,0,0,0.013089142,-0.004709119
,,0.017188604,0.001208216,0,0.008814766,-0.013027599
,,-0.00794207,-0.000402576,0.027027027,0.032754351,0.018296947
,,-0.00787949,0.000805802,0.005093379,-0.015222419,0.003312519
,,-0.009412305,0.000403063,0.049910873,-0.008003842,0.00671332
,,0.012081784,0.006490872,-0.041025641,0.00806842,0.041560441
,,0.007254856,0.002440016,0.028119508,-0.055047271,-0.00146362
,,-0.015210878,-0.000812678,0.049815498,0.011135476,-0.016880637
,,-0.017659045,0.002035831,-0.028673835,0.008639757,0.012867334
,,0.014003673,-0.00405515,-0.039586919,-0.002585226,0.036203482
,,0.038874314,-0.002427184,-0.006837607,0.003458891,0.004723191
,,0.015008473,-0.000404367,0.013864818,-0.014487319,-0.000725664
,,0,0,0.014059754,-0.024912333,0.012200147
,,-0.020625889,-0.003224506,0,-0.013120992,0.00533716
,,0.012239021,-0.000402901,-0.006980803,0.014188762,-0.002724176
,,-0.036308973,-0.000805153,-0.020512821,0.029083004,0.00046722
,,-0.002307337,-0.000804505,-0.044117647,-0.022570606,0.003245095
,,-0.000922084,0.000402414,0.013245033,-0.039362232,0.001607098
,,0.00649652,0.000402576,0.025466893,0.076064961,0.002836999
,,-0.015981735,0,-0.05,-0.00086402,-0.003302911
,,0.031559114,-0.001206273,-0.004815409,0.001731032,-0.004050499
,,0.028087167,0.002822581,0,0.039571711,0.000665539
,,-0.014790076,0.001211143,0.017973856,0.025825626,-0.009960822
,,0.010851218,-0.000403551,0,0.002776698,0.002308534
,,0.003873154,0.000807754,-0.030110935,0.03148629,0.002278013
,,-0.001691638,0.000808407,0.006379585,0.036597193,-0.005751215
,,-0.020359848,0.000809061,0,0.075758544,-0.002525327
,,0.006433167,0.000809717,0.03125,0.02822051,2.37E-05
,,-0.013631022,0,0.006622517,0.025136906,0.000804986
,,-0.020938794,-0.001616815,-0.006578947,-0.013724101,-0.006439586
,,0.004391033,0.001214083,-0.012987013,-0.006596886,0.003831327
,,0.006513143,0,-0.011235955,0.01111704,-0.009154295
,,0.010340776,-0.000808734,0.045302013,0.022042449,0.004199879
,,0.016483516,-0.038491446,0.01188455,-0.002493426,-0.007630339
,,0.027239264,-0.005413766,-0.005067568,-0.042933073,-0.001925729
,,0.036104755,0.007794232,-0.055821372,-0.013905231,0.004588014
,,-0.010566038,-0.00038956,0,0.007109771,0.006488426
,,0.030326594,0.000389712,0.064516129,0.005851121,-0.007287889
,,0.051226158,0.000389864,0,-0.005602845,-0.005095282
,,0.003006286,0.000390016,0.027923211,-0.011713343,0.005696924
,,0.002465753,-0.000779423,-0.027164686,0.005998929,0.007043331
,,-0.030801912,-0.00116777,-0.018333333,-0.022185444,-0.001785588
,,0.02952433,0.000389408,-0.019607843,-0.003548764,0.020603663
,,-0.000546448,0.000779423,0.013245033,-0.029182879,0.000731884
,,-0.024780176,0.000780031,0.006666667,0.03696543,0.012820279
,,0.019836957,-0.000389864,-0.006622517,0.026977447,-0.001819472
,,0.020521353,0,0,0.017993673,0.005801186
,,0.0126369,-0.00077912,-0.025806452,0.008419,0.003519898
,,-0.007248397,-0.000389408,-0.004815409,-0.034833743,-0.008503381
,,0.00504343,0.001950839,0.031456954,0.000213881,-0.002512517
,,-0.012178245,-0.00194704,0,-0.013919646,-0.001462987
,,0.002775465,0,-0.036682616,0.008722476,-0.001557285
,,0.033859397,0.00234192,-0.012598425,0.000851698,-0.00543289
,,0.036893782,0.001172333,0.012759171,-0.006557377,0.0075912
,,0.019411586,0.001565558,0.011290323,-0.009408264,-0.008736059
,,0.03354232,0.000391543,0,-0.020523767,-0.001508693
,,0.035714286,-0.001953888,-0.017432647,0.017967575,-0.002001589
,,0,0.001173709,0.024350649,0.026573727,-0.001509366
,,-0.004203039,0.003139717,-0.01754386,-0.011239529,0.000179008
,,-0.015908368,0,0.011290323,-0.043780671,-0.005536336
,,-0.025124069,-0.000392311,-0.023622047,0.035051633,0.008515859
,,0.009076682,0.001178319,-0.024577573,-0.033472634,0.001078361
,,0.016544703,0.000786164,-0.028358209,-0.022196656,-0.001238579
,,-0.024518932,0,0.012084592,-0.012922679,-0.006804459
,,-0.020370933,0.000393236,0.029548989,0.012288665,0.001124444
,,0.003968254,-0.00391696,-0.00618238,-0.001583124,0.000583385
,,-0.005464481,0.000784006,-0.028528529,-0.031415319,-0.004651301
,,-0.00332829,0.000392157,-0.023460411,-0.018068207,0.000248921
,,-0.003918023,-0.001566171,-0.015873016,-0.014083984,-0.003125425
,,0.008204193,-0.00117325,0,-0.017143587,-0.003362225
,,0.023002798,0,0.016129032,0.099853569,-0.002285318
,,0.013228346,0.003138486,0.03021148,0.007864305,-0.002437981
,,0.005064894,0.000392465,-0.011940299,-0.012556645,-0.001924404
,,0.00095057,0.001572327,0.035548686,0.042214547,0.002092553
,,0.016097875,0.000393236,-0.010703364,0.006491603,-0.003824594
,,-0.000321854,0.000787092,0.036450079,0.001678064,0
,,0.017354289,0.002366864,-0.052552553,-0.011610068,0.000292039
,,-0.011650485,-0.002361275,-0.017699115,-0.010868674,0.003557968
,,0.041456016,0.000393701,-0.021645022,-0.029630072,0.000850649
,,0.012282497,-0.000786782,-0.048076923,-0.046287862,-0.000246334
,,-0.005766621,0.001970832,0,-0.011611112,-0.000597883
,,-0.031219192,-0.000394011,0.016759777,0.030522694,-0.000456996
,,0.021483719,0.002765705,-0.027173913,-0.012597343,-0.002483855
,,0.010515604,-0.000394945,-0.005405405,-0.030334438,-0.005099371
,,-0.02124834,0.000395101,-0.014647137,0.000740864,0.00762831
,,0.056471414,-0.000789578,-0.039641944,-0.00698902,-0.00102426
,,-0.033886818,0.001185771,0.0625,0.001842605,-0.000982324
,,0.010616438,0.000791139,-0.03030303,-0.018430096,0.003667883
,,-0.022430532,-0.002761341,0,-0.031172791,0.000240671
,,-0.001003344,-0.000394322,0,-0.039371802,-0.00635765
,,0.002010724,0.003958828,-0.019379845,0.007120092,0.00065369
,,-0.007978723,0.002778881,0.014416776,-0.011064914,-0.001736263
,,-0.033729521,-0.000793336,0.0269179,0.019467091,-0.00173906
,,0.00516629,-0.00118859,0.020604396,0.006883615,-0.00232689
,,0.017411301,0.001190004,0.005524862,0.002761049,0.003938086
,,0.063963649,0,-0.016304348,0.005203906,-0.004165337
,,-0.020876112,0.000793966,0.027932961,0.039282495,0.00408917
,,0.000684932,-0.001585414,0.094801223,-0.052264689,-0.010644306
,,-0.025692359,0.004378981,0.033175355,-0.009125076,0.013995617
,,-0.005970149,-0.002778881,0.0128,0.039380609,-0.001167372
,,-0.007897335,0.002786624,0.004823151,0.013916146,-0.003895462
,,0.016728003,0.003194888,0.011382114,-0.026385728,-0.005562076
,,-0.006976744,0.0016,-0.011254019,-0.00758503,0.007919673
,,-0.040484539,0,0.018003273,-0.00752793,0.015474929
,,0.043232458,0.00040016,-0.055641422,0.008976506,0.002390556
,,-0.032807977,-0.001199041,0.098471986,0.018621417,-0.007757596
,,0.008433344,-0.001596169,-0.006745363,-0.031323988,-8.24E-05
,,0.013477975,0.001198562,-0.02306425,-0.009431734,0.003336345
,,-0.01521528,0.002804487,0.076241135,0.017493863,0.007220474
,,-0.038293898,0,-0.024221453,-0.012862663,-0.005053643
,,0.007212292,0.005640612,0.080373832,0.0561661,-0.008629692
,,0.095876289,-0.000805153,0.020992366,0.013772205,-0.000199423
,,-0.025125628,0.003231018,-0.04029304,0.043136735,0.001145058
,,-0.007976072,0.002023472,0.020560748,-0.001134387,0.00654294
,,0.131628432,0,0.020992366,-0.019992218,0.001509456
,,0.036647173,0.001621403,0.013539652,0.002228371,-0.001684198
,,-0.023972603,-0.000405186,-0.013358779,-0.010292037,-0.00298715
,,-0.02122905,0.005704971,-0.020560748,0,-6.48E-05
,,0.02402746,0.002860646,0.04288499,0.013787707,-0.004994431
,,-0.020179372,0,0.013833992,-0.012511269,-0.00048631
,,0.02686109,-0.00081666,0.045454545,0.016457519,0.000123057
,,0.024773889,0.001226492,0.029787234,0.033216108,-0.009432484
,,-0.024923313,0.002870029,0,0.00232414,0.002146497
,,-0.040470935,-0.002861815,-0.022869023,-0.049327024,-0.006254697
,,-0.034801136,-0.00122499,-0.006198347,0.002954701,-0.005690309
,,-0.011235955,-0.000408163,0.097505669,-0.016348477,-0.002808506
,,0.031136857,-0.004874086,0,-0.010408053,0.004502326
,,0.014695077,0.000813008,0,-0.004295686,-0.002921979
,,-0.034409365,0,0.009153318,0.024179208,0.008755827
,,-0.035909713,-0.001218027,0.023419204,0.003310588,-0.008782252
,,-0.018132975,-0.000405844,-0.006976744,-0.017687444,0.000890498
,,-0.010631229,0.001626016,-0.033707865,-0.001443262,0.01113609
,,-0.014407335,-0.002028398,-0.024122807,0.009084124,-0.009134864
,,0.007920792,0.000812018,0,0.02961519,0.010822133
,,-0.009480222,0.001219512,0.017857143,0.003366433,0.00299375
,,-0.020179372,0.00081367,-0.023965142,0.004534119,-0.001154149
,,0.001282874,0.00203832,0.006578947,0.007230933,0.001675736
,,-0.043264805,0.00122449,-0.037974684,-0.046762198,-0.003021183
,,0.038228735,0.00040833,-0.014553015,0.00950358,-0.002010074
,,0.010624598,0,0,-0.011923286,0.000180126
,,0.005829016,-0.001223491,-0.014344262,-0.008609865,-0.000423987
,,-0.003227889,0.000407997,0.023060797,0.006136077,-0.003086134
,,0.005191434,0.002864157,-0.051689861,0.00435019,-0.003916095
,,-0.001296176,-0.001225991,0,0.043858321,-0.003047431
,,0.038707506,-0.001631987,0.008016032,-0.031855068,-0.012609431
,,0.020260989,-0.001629328,0.037422037,-0.000732185,-0.007561415
,,0.013574661,0.000815328,0.014767932,0.029763251,0.014820914
,,-0.024448217,-0.001221498,0,0.014145894,-0.000737071
,,-0.03125,-0.00081367,0.023758099,0.020264077,-0.00045689
,,0.000329056,-0.002435065,-0.023206751,-0.01420826,-0.001203596
,,-0.022829582,-0.00040568,-0.006289308,-0.030549291,0.006840228
,,0.025387405,0.000812018,-0.030487805,0.003366311,-0.028933939
,,0.100907441,0.000406174,-0.014028056,-0.029405892,-0.005893507
,,0.005474453,0.002851324,-0.007952286,0.007682318,-0.001505757
,,-0.00036483,0.001223491,0.008016032,-0.004007943,-0.000619634
,,-0.00508167,-0.003252033,0,-0.023812911,-0.007827509
,,0.02037037,0,-0.060263653,-0.016424986,-0.005155033
,,-0.004424779,0.000406669,-0.039783002,-0.014820176,0.001531377
,,-0.029001074,-0.001218522,-0.019503546,0.000689786,0.008961582
,,0.027593819,-0.000811688,-0.042444822,-0.020588434,-0.006169691
,,-0.008029197,0,0.070909091,0.022078752,-0.002898186
,,0.037093111,0.000812348,-0.012567325,0.001036825,0.002373383
,,0.030823254,0.000813008,0.012727273,-0.016318482,0.018665863
,,0.039756592,-0.001218027,0.014760148,0.013087878,-0.002622962
,,-0.00804829,0.001219512,0.005565863,0.012201712,-0.004402258
,,-0.023959152,0,0.020833333,-0.010691683,0.006866445
,,-0.016608729,0.00203666,0,0.000345012,0.003990584
,,0.024535022,-0.000814001,0.013435701,0.046182999,-0.008320503
,,-0.054973822,0.004497138,0,0.00435019,-0.019429699
,,-0.002238806,-0.000408664,0,-0.009337403,0.009046564
,,-0.00482733,-0.002852486,0.007736944,-0.009955556,-0.00312488
,,0.007859281,0.000407664,-0.026365348,0.000355682,0.012416052
,,-0.021603808,-0.002034174,0.019193858,-0.011601336,0.006395755
,,0.045558959,-0.000406669,-0.045787546,-0.010763533,0.017650068
,,0.009663703,0.000814001,-0.025,-0.013381599,0.010297082
,,-0.01410061,-0.000406835,0.038961039,0.022094022,-0.011736996
,,0.040444092,-0.000406669,-0.02,0.038571507,-0.006159504
,,0.012851406,-0.000812678,0.055662188,-0.02136874,0.014471441
,,-0.006384677,0.001220504,-0.013257576,0.015198118,0.005899858
,,0.003202562,0.001629992,-0.020408163,0.02787748,0.012618903
,,-0.011476059,-0.001221001,0.080160321,0.054891805,-0.000623271
,,0.000792079,0,-0.027290448,0.001571925,0.008429276
,,-0.009415457,-0.001219512,0,-0.007023979,-0.003307866
,,-0.014688829,0.000406669,-0.020992366,-0.001558452,-0.002930411
,,0.024148852,0,0.041749503,-0.023567679,0.00292728
,,-0.009023146,0.001221498,0.022357724,0.001142596,-0.001373932
,,-0.011632416,0.001222992,0.008196721,-0.02811349,-0.001127106
,,0.032425941,-0.000407498,-0.008130081,0.001854221,-0.007638233
,,-0.00040016,0.000407664,0,-0.017829175,-0.00724917
,,0.004421222,-0.001221498,0.022869023,0.009560581,-0.01111699
,,-0.005992809,-0.000407,-0.014344262,-0.033736609,0.001276041
,,-0.030220845,0.001222494,-0.029821074,0.008600763,-0.001490288
,,-0.011111111,-0.001221001,0.039256198,0.000358494,0.013332027
,,0.015169195,-0.000406835,0.014675052,-0.040898776,0.010142649
,,0.015402844,0,-0.051689861,-0.015220004,0.003722686
,,-0.021638331,0.000814332,-0.019493177,-0.044006733,0.011485488
,,-0.015595283,-0.000407,-0.020992366,0.019470019,0.010108851
,,0.001142422,0.001222494,0.005758157,-0.01270648,-0.005492809
,,0.003055768,0.004091653,0,-0.01411708,0.005793397
,,0.004219409,0,0.044088176,-0.014248397,-0.001705243
,,-0.024326347,-0.000817661,-0.007952286,0.013477738,-0.0022131
,,-0.009636768,-0.000408664,0.030737705,-0.003836011,7.73E-05
,,0.038491147,-0.001631987,0,0.001280307,-0.007030313
,,0.037539936,-0.000815328,-0.008130081,-0.006360817,-0.005493472
,,-0.085797736,-0.001628002,-0.006060606,0.000955034,-0.001613121
,,0.026227051,-0.000813339,0,0.017145355,-0.004368521
,,0.019480519,0,0.037735849,-0.016543269,0.002676145
,,0.034373765,-0.001624036,-0.008316008,-0.011645291,-0.003617523
,,0.052390852,0.000406174,-0.006198347,0.004108399,0.004195181
,,0.024712399,0,0.014675052,0.032617564,0.003687259
,,-0.028961523,0.001220008,0.014893617,0.016570737,0.002931323
,,-0.000413565,0.00203749,-0.008438819,-0.004606545,-0.007138382
,,0.002487562,0.00122399,0,0.010662973,-0.002074543
,,-0.00903862,0.00081666,-0.006289308,-0.036000965,0.003012754
,,0.019689987,0.000408497,-0.008316008,-0.006710873,0.00031075
,,0.017043034,0,0,0.001279898,-0.013517109
,,-0.026141079,-0.00040833,0,0.024907356,0.015858467
,,0.033004715,0.001635992,0.03887689,0.021421274,0.009849703
,,-0.010182435,0.000818666,-0.014893617,-0.005993307,0.00735193
,,-0.047676768,0.000819336,0,-0.009547208,0.002444651
,,0.026970954,0.000409836,0.129807692,-0.007852632,-0.002647337
,,0.005843072,-0.000409668,-0.023474178,0.003282671,-0.008807937
,,0.045831515,0.000820008,0.031476998,0.000656965,-0.001478634
,,0.01776988,0,0,-0.024340998,0.0042051
,,0.01533604,0.000410172,-0.007211538,-0.032240556,-0.006056921
,,-0.015541741,0.000410341,0.017114914,-0.014066418,0.005538407
,,-0.036371416,-0.001229508,0,-0.021820738,0.004729613
,,0.002574003,-0.001227998,-0.023866348,0.002098227,0.001116551
,,-0.002994012,0.000819336,0,0.000599853,-0.002251903
,,0.034971226,0.000820008,0.014527845,0.010302562,-0.000202511
,,0.025885559,0.002054232,0.017241379,0.018187708,-0.005997454
,,0.017090069,0.00123406,0.007444169,-0.042226885,0.002183497
,,0.006040892,-0.001232539,-0.007389163,0.000591349,-0.013151192
,,0.0411224,-0.000821018,0.03307888,0,0.001043346
,,-0.025,0.004536082,-0.007575758,-0.007919979,-0.00237995
,,0.000471921,0,-0.017369727,0.001763098,-0.01049038
,,0.003314394,0.000412541,0.044041451,-0.015620028,0.016378499
,,-0.036935705,-0.000412371,-0.025252525,0.021571467,-0.001292141
,,0.014807959,0.000825423,0.1,0.045055895,-0.001507181
,,0.048011639,-0.000412541,-0.042553191,-0.000925583,-0.004907854
,,0.019782394,0.001239157,0,-0.011286682,0.000998908
,,0.000990099,-0.000412882,0.053221289,0.005212805,0.002735473
,,-0.013671875,0,0.02,-0.012998805,-0.00171332
,,0.019920319,0.00165426,0.008645533,0.007915929,-0.002519759
,,-0.038314176,0.000827815,0.020588235,-0.005143924,-0.002037312
,,-0.018796992,-0.00082713,-0.020172911,-0.008127267,0.000477541
,,0.005671078,0,-0.008571429,0.007887991,0.000967665
,,-0.004703669,0.001242236,0,-0.006330736,-0.002883
,,-0.02789209,0.00041425,0,-0.013677653,0.006423119
,,0.039942939,0.000414422,-0.019607843,-0.010576329,0.000895827
,,0.030377266,0.001244813,0.008474576,-0.001468817,-0.005647349
,,0.074776198,0,0,-0.013332947,0.003007352
,,-0.033095723,0.00041511,0,-0.030598483,-0.005447629
,,-0.022885572,0.00083091,0.011428571,-0.006698298,-0.005400878
,,0.008529854,0.00124792,-0.011299435,-0.01780452,0.001619995
,,-0.047323136,0.000832639,0.050445104,0.013319444,-0.007151679
,,0.028009828,0.000416493,0.008982036,0.00896861,0.002747569
,,0.010928962,-0.000832293,0,0.019122835,-0.003352622
,,-0.036381044,0.00041632,0,-0.01518966,-0.003090447
,,-0.021545667,-0.000831947,0.027692308,-0.012760344,-0.001890748
,,0.011848341,-0.0004158,-0.026946108,-0.018921386,-0.003472361
,,-0.022695692,0,-0.008902077,0.00218433,-0.00983553
,,0.001391466,0.000415973,0.03058104,-0.021101727,0.00501892
,,-0.038358608,-0.001246365,0.012383901,-0.016029561,0.005278893
,,0.001339884,-0.001244813,-0.012232416,-0.031803425,-0.006326285
,,-0.000446429,0,-0.012084592,-0.006576867,-0.008577744
,,0.044776119,0.001246365,0.018461538,-0.012230773,0.000319874
,,-0.011981567,-0.001244813,0.015625,0.031946987,-0.008303327
,,0.009302326,0.00166251,-0.003115265,-0.012212671,0.005635773
,,0.014150943,0.0025,-0.00619195,-0.015039386,0.009890917
,,0.029626032,0.001251564,0.018927445,0.016045371,-0.002323195
,,-0.010096154,0,-0.009375,-0.026295543,0.008358352
,,-0.017477563,-0.00125,0,0.023613846,0.006870019
,,-0.000472144,0.005446167,0.025641026,0.019410561,-0.004036948
,,0.070237494,0.001258389,0.02295082,0.00311745,-0.004326055
,,-0.019326065,0.003367003,0.073943662,0.028564558,-0.000822522
,,0.020738493,-0.002518892,-0.050167224,0.004024253,0.002513577
,,0.025947068,0.004215852,0.013559322,-0.002942435,-0.009926355
,,0.043878657,-0.001263158,-0.003378378,0.026906014,-0.003394814
,,0.099463967,0.002532714,-0.02310231,0.013347251,0.001967807
,,-0.022131625,-0.000843526,0.041237113,-0.003315346,-0.009533621
,,-0.008087811,-0.000842815,0.039285714,-0.015298665,0.002876131
,,-0.002880184,0.001688476,-0.014084507,-0.003267573,-0.007015112
,,0.037037037,0.003813559,0.007092199,0.011011852,0.001944715
,,0.028255528,-0.000423549,0.007142857,0.017065659,-0.004138931
,,-0.04403993,-0.001691332,0.037037037,-0.039247861,-0.001695852
,,0.045426642,0.000423012,-0.01459854,0.047892882,0.000762886
,,-0.076006807,0.001694915,-0.003636364,0.017481464,0.004497951
,,0.015552995,-0.000423549,0.026119403,-0.053956151,0.000522257
,,-0.037694013,0.001272265,-0.02189781,0.001358548,-0.000566383
,,-0.054507338,-0.000423908,-0.014388489,-0.014460154,-0.001983951
,,-0.005213764,0.001698514,-0.007142857,0.034904183,-0.001007585
,,0.003663004,0.000424809,-0.037800687,0.01346721,-0.001315877
,,-0.023505365,0.000424989,0.043010753,-0.001402328,0.001273265
,,0.013989637,0.000850702,-0.034602076,0.00734567,0.002697722
,,0.032085561,0.000425532,-0.033444816,-0.068393278,-0.002811912
,,-0.013192612,0.000851789,0.013559322,-0.01934543,-0.006653104
,,0.050443459,0,-0.029605263,0.010168696,0.000577669
,,-0.015821058,0.000426076,-0.019354839,-0.013617952,-0.008498661
,,0.054054054,0.000852878,0,0.019374205,0.011800094
,,-0.030657748,-0.003399915,0.047297297,-0.000510966,0.000635113
,,0.040603248,-0.002543451,0.017182131,-0.006508213,0.003630519
,,-0.029825549,0,-0.003424658,-0.009029229,-0.002857427
,,0.017172295,-0.00127011,-0.016835017,-0.00460936,-0.000662793
,,-0.037465565,0,0.020618557,-0.017149563,-0.008059258
,,-0.018918919,-0.001268499,-0.006825939,-0.019051038,-0.00710983
,,0.003798155,-0.000422654,0.01384083,0.006466162,-0.007279482
,,0.039481105,0.002117747,-0.010273973,0.002498002,0.001492683
,,0.046635183,0.001697073,-0.016835017,0.015460714,-0.002885077
,,0.026666667,0,0.003378378,-0.005787854,-0.007057375
,,-0.024822695,-0.000424088,-0.026315789,-0.00100776,-0.011758045
,,0.028571429,0.000848896,0.013333333,0.004797165,-0.000624025
,,0.061975468,-0.000424268,0.003344482,-0.013719664,-0.00461647
,,-0.001289491,0,-0.019672131,-0.022919386,0.019015486
,,-0.007042254,0.000424448,0.013289037,-0.010846746,-0.009957409
,,-0.023139462,0.000424628,-0.009868421,0.002418906,0.022919009
,,0.005660377,0.00127551,0,0.012974284,0.01941554
,,0.012738854,-0.002121341,-0.003278689,0.009398612,0.005092897
,,-0.0266584,0.000424448,0,-0.00098835,-0.008241561
,,-0.016463415,-0.002117747,0.016666667,-0.013876368,0.005735002
,,-0.017964072,-0.000846382,0,-0.017934698,-5.55E-06
,,0.027060271,0,0,-0.02654321,-0.006272757
,,-0.025179856,0.001271186,-0.00990099,-0.011273736,-0.002421574
,,0.027726433,0.000848176,-0.006557377,0.010225686,-0.009528586
,,0.006199628,-0.000847458,0,-0.020934418,-0.003417048
,,0.039304124,0.000423908,0.00660066,0.00825687,0.000293442
,,-0.076740036,0.004257131,0.02020202,-0.049106753,-0.000456256
,,0.006586826,0.000852152,-0.006688963,-0.002396619,0.00340086
,,0.037911746,0.002134927,-0.01320132,-0.024629704,-0.00247366
,,0.028115016,0.001710864,0.048442907,0.004054025,-0.000173941
,,0.003848621,0.001713796,-0.006872852,-0.017185157,-0.000934062
,,-0.00952986,0,-0.013559322,0.005683616,-0.0073047
,,0.068567549,-0.000428266,0.006825939,-0.019621222,-0.004993885
,,-0.00338295,-0.000428082,0.017361111,0.032424702,0.005636979
,,0.043048694,0,0.017667845,-0.004039373,-0.005066362
,,-0.013917884,0,-0.007017544,0.010299093,-0.003028471
,,-0.082375479,0,0.010638298,-0.034397296,-0.013980996
,,0.009020619,-0.000855432,-0.007042254,0.019861666,0.000570116
,,0.003880983,0.000427899,-0.003508772,-0.021909136,-0.005679283
,,-0.020278834,0,0.017857143,0.072976903,0.008586781
,,-0.006297229,-0.000427716,0.029411765,-0.000221934,0.014299369
,,0.078071962,-0.000427533,0,0.018524379,-0.006179625
,,0.010288066,0.000855798,0.018726592,-0.00695863,-0.00291055
,,0.026760563,0,0.055335968,0.021777773,0.000766802
,,0.030478955,0.003434951,-0.030651341,0.001838256,-0.000420499
,,0.061633282,0,-0.02247191,-0.012244944,-0.002564307
,,0.00620155,0,-0.025547445,0.018010837,0.000823592
,,0.010971787,0.002151463,0,0.002315914,-0.0006266
,,0.029862793,-0.001718213,0.030075188,0.011466386,0.000270892
,,0.0325,-0.001287001,0.117647059,0.00140746,-0.005230982
,,0.0041841,0.002149613,0.008474576,-0.001873098,-0.005621903
,,-0.036290323,0.004317789,-0.004219409,-0.000468055,0.015115231
,,-0.011164274,0.001297017,0.004237288,0.011109665,0
,,-0.016470588,0,0.039647577,-0.032265082,-0.002235077
,,-0.048507463,-0.000863931,-0.008733624,-0.012873257,-4.79E-05
,,-0.018315018,0,-0.049792531,0.022169849,-0.004307627
,,-0.040084388,-0.001724881,0.021186441,-0.012999008,-0.008015347
,,-0.013185288,0.001295337,0,-0.021620536,-0.004437282
,,0.00488145,0.002163566,0.012875536,0.001564298,-0.002817666
,,0.058302583,0.000866176,-0.012711864,-0.0084204,-0.000547579
,,-0.024478042,0,0.048888889,0.006243241,-0.009908505
,,0.046721929,0.000866927,-0.008810573,0.015614031,0.000537279
,,0.008358663,-0.000866176,-0.046218487,0.001360575,-0.003357018
,,0.022533023,-0.002160761,-0.044176707,-0.014294176,-0.003402041
,,-0.017557252,0,0.024691358,-0.004672014,0.000862799
,,-0.006069803,0.005649718,0.042918455,0.009194189,0.005681378
,,-0.033015407,0.000434783,-0.033195021,0.006099076,-0.002719645
,,-0.043508772,0.000870322,0,0.028315912,-0.001357976
,,-0.0111034,0.00043535,0.016877637,-0.004382567,0.002185759
,,0.035945363,0.001307759,-0.01659751,0.024377821,-0.001564696
,,0.045864662,-0.00087108,-0.032128514,-0.007978848,-0.007423112
,,0.017597552,0.00130833,-0.011904762,-0.007232851,-0.006052851
,,-0.043191801,-0.00087146,0.008,-0.024556772,-0.002785064
,,-0.013718412,0.00087222,0.033057851,0.015238161,-0.000379637
,,-0.010007148,0.005260851,0.021097046,0.01428404,-0.00189459
,,0.033998522,0.000877578,-0.032653061,0.039692015,-0.000156595
,,-0.023104693,0.001318102,0.004098361,0.017844078,0.00511792
,,0.013909224,-0.000439174,0.012448133,0.042626639,0.002529803
,,0.03250189,0.001319261,0.016877637,0.024084102,-0.008749092
,,0.038461538,-0.00043956,-0.01659751,0.076941723,0.007421263
,,-0.032649962,-0.000878349,-0.004132231,-0.026093598,-0.0012438
,,-0.047033285,0,-0.004115226,-0.015840042,-0.005317376
,,0.068832173,0.000439367,-0.02016129,0.004392648,0.002343509
,,0.009367681,0,0.012244898,0.007189371,0.021429827
,,0.017474186,-0.000877963,0.025104603,-0.027156077,0.010390058
,,0.038778878,0.000439174,0.008438819,-0.001343219,-0.013053901
,,0.0210615,0,0.017167382,0.043127364,0.009393214
,,0.043975374,-0.001315789,0.013043478,0.022624694,-0.005640362
,,-0.018134715,0.001317523,0.004366812,-0.027303136,-0.000739427
,,0.032085561,-0.000438982,0.060185185,0.006170243,-0.001543688
,,-0.0475382,-0.000877193,-0.018181818,0.039625612,4.65E-05
,,0.051785714,0.000438789,0,-0.027215612,-0.005054786
,,0.006289308,0.002198769,-0.009009009,-0.003378092,-0.001349202
,,-0.022827041,0.000439947,0.01369863,0.008251272,0.003072046
,,-0.035563082,-0.000879121,-0.013513514,-0.035702016,0.006192495
,,-0.007563025,0.002202643,0.027777778,-0.040834618,-0.003513606
,,0.043859649,-0.001319842,-0.027027027,-0.006274068,-0.001015385
,,0.114369501,-0.003943909,0.037383178,-0.011651089,-0.00684914
,,0.024024024,0.003076923,-0.02283105,-0.018537577,0.007285758
,,0.060509554,-0.001316945,0.013888889,-0.027649086,-0.009939404
,,0.007486631,0.000878735,-0.018181818,0.006703647,0.005709152
,,-0.006376196,-0.000877963,0.009174312,-0.030365886,0.000657601
,,0.087861272,0,-0.009090909,0.039331194,-0.002843209
,,0.029761905,0,-0.004524887,0.037962168,-0.00747942
,,-0.018691589,-0.000877193,0.004545455,0.028610427,-0.00400075
,,-0.079569892,-0.003060778,0.018518519,-0.000802268,-0.003944614
,,-0.025157233,0.000437445,0.009345794,0.049361583,-0.000292482
,,-0.015479876,0.002631579,0.009433962,-0.001401149,-0.000312555
,,-0.010214505,0.000438789,-0.013953488,0.034767732,-0.00094685
,,-0.001020408,0.001758242,0.023809524,-0.056328586,-0.000800153
,,-0.015075377,-0.000878349,0,-0.021409062,-0.00412459
,,-0.050572519,0,0,0.008915545,-0.00056099
,,0.005758157,0.001759789,-0.009433962,0.014791155,-0.003996049
,,0.002887392,-0.000439754,0,-0.001642283,-0.004093962
,,0.011684518,0.000880282,-0.036363636,-0.004902695,0.005319494
,,0.046890928,-0.001757469,-0.009009009,-0.002431801,0.00147064
,,-0.018018018,-0.000439174,0.01369863,-0.021000971,-0.004605702
,,0.001002004,-0.000877578,0,0.032660797,0.002195631
,,-0.004985045,0.000878349,0.013888889,0.029684627,0.000229596
,,0.048066876,0,0.018867925,0.009407432,0.003506101
,,-0.029411765,0.000879121,0.00952381,0.024556836,-0.000500621
,,-0.016949153,-0.000878349,0.060606061,0.013323848,-0.003740611
,,-0.036503362,-0.001315789,0,-0.026798979,-0.002909189
,,0.052578362,-0.000438404,-0.005025126,0.055041544,-0.000894334
,,-0.048123195,-0.000438212,0.020512821,-0.045021217,0.007856864
,,0.055894309,0,-0.015151515,-0.003764188,-0.001549938
,,0.023933403,0,-0.005025126,-0.050804601,-0.004563892
,,0.073743017,0.000877193,0.015306122,-0.005194876,-0.004962189
,,0.025200458,-0.000438404,0.005128205,0.00605152,-0.005569837
,,-0.03,0.001756697,0,0.008320737,-0.002515105
,,0.038062284,-0.00219106,-0.005102041,-0.003041657,0.000260421
,,-0.025842697,0.001316367,-0.071090047,-0.00822718,0.009373745
,,-0.026258206,0.000438982,-0.018604651,0,0.010114825
,,0.00109529,0.000439174,-0.01826484,0.022990602,-0.002094717
,,0.016703786,0.001319261,0.004587156,-0.013000318,0.000135
,,0.020454545,-0.001317523,0.009259259,-0.021128097,0.000285081
,,0,0.000879121,-0.01369863,-0.015201463,-0.002902381
,,-0.011235955,0.001320423,0.004587156,-0.000800139,0.003789396
,,0.034883721,0.001322168,-0.031111111,0.014915071,-0.003899277
,,0.017751479,0,0.00896861,0.020976412,0.013098804
,,-0.008215962,0,0,0.007237602,-0.005376155
,,-0.02293578,0.000882223,-0.021929825,0.021598794,-0.005874038
,,0.011600928,0.003985828,0.013333333,0.017050138,-0.000469303
,,-0.018223235,0.002219263,0.022727273,0.022762905,-0.005377893
,,0.022118743,0.000888494,0.009174312,-0.050247939,0.008816752
,,0.045012165,0,0,-0.021699695,-0.000665822
,,0.179340029,-0.00044405,-0.00456621,-0.012485411,-0.01343389
,,0.060882801,0.001333926,-0.009049774,0.056763424,0.007518834
,,0.078817734,-0.000444444,0.004545455,0.064679656,-0.002496712
,,-0.004901961,0,0.023255814,0.016767062,0.007602091
,,-0.012903226,0,-0.01826484,-0.006171697,0.003397435
,,0.003236246,0,0,-0.031948739,-0.000847385
,,-0.004830918,0.001780944,0.013888889,0.02290228,0.001199811
,,0.008116883,0,-0.01369863,-0.008468286,-0.003920353
,,-0.004846527,0,0,0.008232527,-0.008015953
,,-0.044753086,0.000445434,0.042857143,0.003371544,-0.001777606
,,0.009345794,0.000445633,-0.014084507,0.011470734,0.005586676
,,-0.021341463,0.002680965,0.009478673,0.002486325,0.002235674
,,-0.049275362,0,0.004761905,-0.059305062,0.005438955
,,0.002906977,-0.000446628,0,0.038529854,0.003448831
,,0.036144578,-0.000446429,0,-0.007234254,-0.000613867
,,-0.013372957,0,-0.004739336,-0.028108979,-0.004283674
,,-0.10026738,0.002685765,-0.014018692,0.013659985,0.000165362
,,0.01217862,0.003143242,-0.004651163,-0.016917485,-0.015553856
,,-0.052564103,0.002701486,0.04368932,-0.056687688,-0.000364911
,,-0.023779725,0.00045045,-0.028301887,-0.067247181,-0.005985001
,,0.059681698,0,-0.004694836,0.028777549,0.003206168
,,0.054545455,0.00135318,0.014285714,-0.012254806,-0.014284676
,,0.027298851,0.001355014,-0.009433962,-0.016418064,0.005620223
,,-0.015558699,0.000451875,0,-0.023551974,0.012431341
,,-0.030178326,0,0.024154589,-0.005236842,-0.004187041
,,0.001373626,-0.002254283,0.004854369,0.019824013,-0.001437839
,,-0.030625832,-0.00180018,0.035175879,0.011563742,-0.006542512
,,-0.071693449,-0.002245173,-0.019704433,-0.043280827,0.003866295
,,0.024050633,0.000449236,-0.009756098,0.002714709,-0.001573403
,,-0.019851117,0.00405954,-0.004854369,0.027357319,-0.002427492
,,-0.071428571,-0.001351351,0.004878049,-0.015464111,-0.00683572
,,-0.006864989,-0.000450248,0.009852217,-0.01908668,0.008047318
,,-0.059203445,0,0.015,-0.010646931,0.002475453
,,-0.024159664,-0.000450045,-0.014778325,0.041083971,0.002206347
,,0.033659066,-0.001796945,0,0.004547643,-0.010445878
,,0.026755853,0,0.020100503,0.055586013,-0.01578206
,,-0.004439512,0,0.020512821,0.016570155,0.008679611
,,-0.00989011,-0.000897666,-0.044117647,-0.042894501,-0.001294003
,,-0.003285871,0.001798561,0,-0.005177122,0.001971341
,,-0.052904564,0.001801802,-0.004878049,-0.007183059,0.014920043
,,0.033226152,0.000901713,-0.009661836,0.012740263,-0.007761307
,,0,0.002712477,0.014705882,-0.006721559,-0.005819677
,,0.044792833,0.000904977,-0.037735849,-0.043247588,0.007928093
,,-0.005567929,0.001359311,0.00952381,0.008971687,0.013412067
,,0.05399061,-0.000905387,-0.009433962,-0.014740595,-0.00461198
,,0.04029304,0.000906208,0,0.013191166,0.012327713
,,-0.002436054,-0.000452899,0.004739336,-0.018809582,-0.000536132
,,-0.062785388,-0.000452694,0,0.022992961,0.007986109
,,0.017421603,0.002268603,-0.023148148,0.020400092,0.00528177
,,0.015330189,0,-0.01369863,0.013171671,0.000452928
,,0.056039851,0,-0.01793722,0.035579948,-0.008274898
,,-0.002484472,0.000908265,-0.021929825,-0.039571629,-0.00049884
,,0.033376123,-0.000453926,0.470967742,0.028549138,-0.0074172
,,0.022309711,0.000908678,0.033333333,0.046163211,-0.00236611
,,-0.109813084,-0.000907853,0.013513514,0.026979031,-0.01132057
,,0.020262217,-0.001812415,0.020689655,-0.088981789,-0.004705242
,,-0.053047404,0.000453309,0.021126761,0.013630877,-0.004582073
,,0.004535147,-0.001809955,0.100775194,-0.006503917,0.000445342
,,0.046263345,0.000452694,0.0078125,-0.007759658,0.010052463
,,-0.003546099,-0.001807501,-0.007751938,0.010190351,0.026242241
,,-0.010526316,0.006824386,0,-0.000783259,0.016157815
,,0.002344666,0.000910747,0,-0.019694914,0.001163859
,,0.058312655,0.000455581,0.0078125,0.008505091,-0.000500005
,,-0.012254902,0.001368613,0.05785124,0.013591649,0.002306351
,,-0.051162791,-0.002275831,-0.032,-0.036039444,-0.000996209
,,-0.049723757,-0.002270663,0,0.027707221,0.00080272
,,-0.030010718,0.001819836,0,0.033441815,-0.009134294
,,0.018558952,-0.001363017,-0.007936508,-0.029353266,0.002274805
,,0.008810573,-0.000907853,-0.038167939,-0.01129762,0.0101922
,,0.007769145,0,0.015503876,-0.005356481,-0.005164187
,,-0.007709251,-0.000453721,0,-0.016335102,-0.009942758
,,0.044879171,-0.000453515,0.0078125,-0.009947585,-0.002238163
,,0.006952491,-0.000453309,-0.037593985,-0.022846993,-0.002479006
,,-0.055798687,0.000907441,0.023076923,0.028747716,0.002965473
,,-0.00867679,-0.000906618,-0.022556391,0.023033686,-0.001887676
,,0.008752735,0.00181653,-0.022058824,0.00384299,-0.003061219
,,-0.005440696,0.002275831,0.007407407,0.023938935,-0.001983342
,,-0.056468172,0.001823985,0,0.003420226,0.000130236
,,0.059847661,0.000456204,-0.042553191,0.000792959,-0.005702702
,,0.0110011,-0.001366743,0.007142857,0.0026502,-0.003281325
,,0.008879023,-0.000910332,0,0.016144452,-0.008646654
,,0.006703911,0.000911162,0.007194245,0.012805477,0.003001106
,,-0.025054466,-0.003178928,-0.007142857,-0.013971251,-0.005537012
,,-0.004338395,0.003189066,-0.020979021,0.040825752,0.002697222
,,0.024444444,0.003199269,0.059259259,-0.01378901,0.010378696
,,-0.020674646,0.000914913,-0.028776978,-0.021845086,-0.005602864
,,0.086288416,0.000457666,0,-0.034139662,-0.001565162
,,0.002369668,-0.000914495,-0.007142857,0.057301217,-0.004007868
,,0.065656566,0.001373626,-0.027777778,0.00973131,-0.003552615
,,-0.005025126,-0.001371742,0.006993007,-0.038767781,0.001703251
,,0.064171123,0.001373626,0.028776978,0.014926387,-0.00944231
,,-0.053164557,-0.000914913,0,0.00849222,0.004704285
,,-0.005037783,-0.003191974,0,0.042212103,0.005634702
,,-0.057007126,0.000456204,-0.021126761,0.000857253,0.00279814
,,-0.009411765,0.000913242,-0.020689655,-0.029102914,-0.000940039
,,0.040391677,0.001371742,0.028368794,-0.011775511,0.006843341
,,-0.03084223,0,0.014388489,-0.046991966,0.007081439
,,0.002378121,0.000457457,-0.014184397,0.022140024,-0.000319286
,,0.034440344,0.00923361,0.014388489,-0.072733126,0.005366717
,,-0.022836538,0,0,0.093315103,0.007122399
,,-0.049142857,0,0.01459854,-0.003494004,-0.002217664
,,0.030624264,-0.000461467,0.096,0.086062151,-0.008426082
,,0.029090909,0,-0.007936508,-0.027887368,-0.005501988
,,0.03125,0.000923788,0.041322314,-0.030355343,-0.002008879
,,-0.02200489,0,0.025423729,0.008622371,0.004684424
,,0.035443038,0.000924642,0.026086957,0.007013606,0.008306032
,,0.13832853,0,-0.00862069,-0.003076493,0.007946597
,,0.005797101,-0.000462107,0.035714286,0.040100068,-0.004984075
,,-0.040333797,0,-0.008849558,0.011177621,-0.003415163
,,-0.001388889,-0.000923361,-0.058333333,-0.023257484,0.002416529
,,0.044992743,0,-0.008264463,0.016040751,-0.0065519
,,-0.022695035,-0.000461467,-0.024193548,-0.013235972,-0.006227789
,,0.007142857,0.000461681,0.068965517,0.042914007,0.008107147
,,0.01010101,-0.000461467,0.01754386,0.036719249,-0.008623387
,,0.028189911,0.000461681,0,-0.034548598,-0.00241328
,,0.018126888,0.000461894,0.036363636,0.069734155,-0.004842639
,,-0.007496252,0.000924642,0.009174312,-0.014564645,-0.006676627
,,0.03894081,0.000925497,-0.060344828,-0.00692499,-0.007004402
,,0.015822785,-0.001386322,0.074074074,0.011461683,-0.007003647
,,-0.010954617,-0.000923361,0,0.004461216,-0.00818231
,,-0.013888889,0,0.018867925,0.002564966,-0.000789821
,,0.033492823,0.000924214,-0.018518519,0.001927432,-0.00375307
,,0.0032,0.000462321,0.058823529,-0.021361879,-0.000228851
,,0.075731497,0.00185271,0.02,-0.019693047,0.00031477
,,-0.010221465,0.000463392,-0.029126214,0.03968343,-0.019169688
,,0.017331023,0,0.051020408,-0.011074495,0.008624798
,,0.078504673,0.000463607,-0.02970297,-0.007235207,0.012830805
,,-0.059753954,0,0,-0.074731128,0.0107664
,,-0.030664395,0.000928074,0.02020202,-0.145583865,-0.000772227
,,-0.050161812,-0.000463822,0.020618557,0.006999574,0.009358315
,,0.006514658,-0.001851852,-0.010204082,-0.037331694,0.00496923
,,-0.011272142,-0.002309469,-0.048543689,-0.036212185,-0.001017289
,,0.011400651,0.000924642,-0.037383178,0.026694339,-0.009974579
,,0,-0.001385042,0.019047619,0.048997773,0.020204016
,,0.028475712,-0.000922509,0.019417476,-0.00521527,-0.002670253
,,0.056637168,-0.001841621,0.01980198,-0.004214127,0.000749415
,,-0.010507881,-0.001838235,0,-0.035585359,-0.00117205
,,0.030685921,,-0.019417476,0.00095719,0.000418765
,,0.020257827,,-0.009615385,0.01455468,-0.001755723
,,-0.058925477,,0.009708738,0.025877635,-0.003220715
,,0.076492537,,-0.088495575,-0.01952381,-0.00057812
,,,,0.008928571,-0.000975848,-0.000382001
,,,,-0.008849558,-0.04090037,0.000195936
,,,,-0.034188034,0.003522119,-0.004194958
,,,,0.03539823,,-0.006806742
,,,,-0.00877193,,-0.004398891
,,,,-0.017241379,,0.008576488
,,,,0.045045045,,-0.002140746
,,,,0.009090909,,0.000986395
,,,,0.009174312,,-0.002675041
,,,,-0.026785714,,-0.010762379
,,,,0.018181818,,0.005853903
,,,,-0.051724138,,0.004689582
,,,,0.008695652,,-0.001296672
,,,,-0.025423729,,0.001817671
,,,,,,0.008357853
,,,,,,0.000444973
,,,,,,-0.000454545
,,,,,,0.002793707
,,,,,,0.00506399
,,,,,,-0.000571097
,,,,,,-0.002401686
,,,,,,-0.000260238
,,,,,,-0.000613392
,,,,,,-0.003267255
,,,,,,0.001057595
,,,,,,-0.001715643
,,,,,,0.002995436
,,,,,,-0.00373641
,,,,,,-0.005575793
,,,,,,0.005950985
