Fecha,VISTA,Fecha,CEDEVIS,Fecha,CARSO,Fecha,FRESNILLO,Fecha,TASA FIJA,Fecha,CETES 28,,,,,,,,,Fecha,Tipo de Cambio
13-jun-25,53.05,12-jun-25,28.55,13-jun-25,5.7,13-jun-25,"1,445.00",Dic 2021,9.01,Dic 2021,5.29,,,,,,,,,31/12/2021,20.46720
12-jun-25,52.41,11-jun-25,28.56,12-jun-25,5.7,12-jun-25,"1,414.00",Ene 2022,9.12,Ene 2022,5.53,,,,,,,,,03/01/2022,20.58900
11-jun-25,52.41,10-jun-25,28.55,11-jun-25,5.75,11-jun-25,"1,388.00",Feb 2022,9.45,Feb 2022,5.87,,,,,,,,,04/01/2022,20.47420
10-jun-25,51.36,09-jun-25,28.54,10-jun-25,5.65,10-jun-25,"1,340.00",Mar 2022,9.91,Mar 2022,6.31,,,,,,,,,05/01/2022,20.39770
09-jun-25,49.31,06-jun-25,28.53,09-jun-25,5.7,09-jun-25,"1,374.00",Abr 2022,10.59,Abr 2022,6.56,,,,,,,,,06/01/2022,20.45880
06-jun-25,50.01,05-jun-25,28.51,06-jun-25,5.6,06-jun-25,"1,342.00",May 2022,10.44,May 2022,6.91,,,,,,,,,07/01/2022,20.42370
05-jun-25,48.6,04-jun-25,28.46,05-jun-25,5.7,05-jun-25,"1,325.00",Jun 2022,10.77,Jun 2022,7.31,,,,,,,,,10/01/2022,20.44530
04-jun-25,47.9,03-jun-25,28.44,04-jun-25,5.55,04-jun-25,"1,262.00",Jul 2022,10.28,Jul 2022,7.76,,,,,,,,,11/01/2022,20.37850
03-jun-25,51.18,02-jun-25,28.45,03-jun-25,5.45,03-jun-25,"1,237.00",Ago 2022,10.78,Ago 2022,8.25,,,,,,,,,12/01/2022,20.36600
02-jun-25,49.45,30-may-25,28.43,02-jun-25,5.45,02-jun-25,"1,233.00",Sep 2022,11.40,Sep 2022,8.70,,,,,,,,,13/01/2022,20.36070
30-may-25,49.53,29-may-25,28.41,30-may-25,5.8,30-may-25,"1,163.00",Oct 2022,11.46,Oct 2022,8.93,,,,,,,,,14/01/2022,20.31180
29-may-25,50.14,28-may-25,28.39,29-may-25,5.75,29-may-25,"1,171.00",Nov 2022,10.91,Nov 2022,9.42,,,,,,,,,17/01/2022,20.30020
28-may-25,50.21,27-may-25,28.37,28-may-25,5.85,28-may-25,"1,134.00",Dic 2022,10.78,Dic 2022,9.96,,,,,,,,,18/01/2022,20.40300
27-may-25,49.16,26-may-25,28.37,27-may-25,5.75,27-may-25,"1,122.00",Ene 2023,10.51,Ene 2023,10.61,,,,,,,,,19/01/2022,20.46000
23-may-25,49.78,23-may-25,28.35,26-may-25,5.7,23-may-25,"1,133.00",Feb 2023,11.35,Feb 2023,10.92,,,,,,,,,20/01/2022,20.45070
22-may-25,49.36,22-may-25,28.32,23-may-25,5.65,22-may-25,"1,106.00",Mar 2023,10.62,Mar 2023,11.23,,,,,,,,,21/01/2022,20.45980
21-may-25,49.76,21-may-25,28.34,22-may-25,5.55,21-may-25,"1,085.00",Abr 2023,10.63,Abr 2023,11.29,,,,,,,,,24/01/2022,20.63080
20-may-25,50.91,20-may-25,28.33,21-may-25,5.6,20-may-25,"1,041.00",May 2023,10.67,May 2023,11.32,,,,,,,,,25/01/2022,20.66830
19-may-25,51.32,19-may-25,28.34,20-may-25,5.7,19-may-25,"1,026.00",Jun 2023,10.51,Jun 2023,11.16,,,,,,,,,26/01/2022,20.64150
16-may-25,50.19,16-may-25,28.3,19-may-25,5.65,16-may-25,"1,000.00",Jul 2023,10.66,Jul 2023,11.22,,,,,,,,,27/01/2022,20.73830
15-may-25,50.56,15-may-25,28.26,16-may-25,5.65,15-may-25,"1,016.00",Ago 2023,11.09,Ago 2023,11.16,,,,,,,,,28/01/2022,20.85970
14-may-25,51.39,14-may-25,28.29,15-may-25,5.7,14-may-25,981.5,Sep 2023,11.62,Sep 2023,11.08,,,,,,,,,31/01/2022,20.63520
13-may-25,51.27,13-may-25,28.31,14-may-25,5.85,13-may-25,"1,010.00",Oct 2023,11.79,Oct 2023,11.08,,,,,,,,,01/02/2022,20.58000
12-may-25,50.04,12-may-25,28.32,13-may-25,5.7,12-may-25,999.5,Nov 2023,10.99,Nov 2023,10.89,,,,,,,,,02/02/2022,20.60030
09-may-25,47.27,09-may-25,28.32,12-may-25,5.85,09-may-25,"1,061.00",Dic 2023,10.64,Dic 2023,11.21,,,,,,,,,03/02/2022,20.55620
08-may-25,46.57,08-may-25,28.33,09-may-25,5.9,08-may-25,"1,030.00",Ene 2024,10.75,Ene 2024,11.29,,,,,,,,,04/02/2022,20.73250
07-may-25,44.96,07-may-25,28.32,08-may-25,6.05,07-may-25,"1,054.00",Feb 2024,10.81,Feb 2024,11.05,,,,,,,,,08/02/2022,20.64130
06-may-25,44.59,06-may-25,28.3,07-may-25,6,06-may-25,"1,063.00",Mar 2024,10.83,Mar 2024,11.02,,,,,,,,,09/02/2022,20.50080
05-may-25,42.77,05-may-25,28.3,06-may-25,5.75,02-may-25,"1,015.00",Abr 2024,11.61,Abr 2024,10.97,,,,,,,,,10/02/2022,20.41480
02-may-25,44,02-may-25,28.29,05-may-25,5.9,01-may-25,995.5,May 2024,11.35,May 2024,10.99,,,,,,,,,11/02/2022,20.41880
01-may-25,44.6,30-abr-25,28.27,02-may-25,6,30-abr-25,"1,002.00",Jun 2024,11.40,Jun 2024,10.97,,,,,,,,,14/02/2022,20.41100
30-abr-25,45.17,29-abr-25,28.26,30-abr-25,5.95,29-abr-25,"1,012.00",Jul 2024,11.19,Jul 2024,10.92,,,,,,,,,15/02/2022,20.39920
29-abr-25,45.66,28-abr-25,28.26,29-abr-25,6.5,28-abr-25,998,Ago 2024,10.96,Ago 2024,10.76,,,,,,,,,16/02/2022,20.33350
28-abr-25,47.18,25-abr-25,28.24,28-abr-25,6.35,25-abr-25,982.5,Sep 2024,10.47,Sep 2024,10.44,,,,,,,,,17/02/2022,20.29780
25-abr-25,48.03,24-abr-25,28.21,25-abr-25,6.25,24-abr-25,"1,004.00",Oct 2024,11.19,Oct 2024,10.24,,,,,,,,,18/02/2022,20.30630
24-abr-25,48.9,23-abr-25,28.11,24-abr-25,6.1,23-abr-25,985,Nov 2024,10.87,Nov 2024,10.05,,,,,,,,,21/02/2022,20.28250
23-abr-25,47.6,22-abr-25,28.1,23-abr-25,5.85,22-abr-25,"1,039.00",Dic 2024,11.13,Dic 2024,9.85,,,,,,,,,22/02/2022,20.29770
22-abr-25,46.83,21-abr-25,28.11,22-abr-25,5.55,17-abr-25,"1,021.00",Ene 2025,10.78,Ene 2025,9.86,,,,,,,,,23/02/2022,20.24350
21-abr-25,45.36,16-abr-25,28.05,17-abr-25,5.55,16-abr-25,"1,080.58",Feb 2025,10.24,Feb 2025,9.45,,,,,,,,,24/02/2022,20.65250
17-abr-25,47.81,15-abr-25,28.04,16-abr-25,5.5,15-abr-25,"1,057.59",Mar 2025,9.93,Mar 2025,9.10,,,,,,,,,25/02/2022,20.44650
16-abr-25,44.73,14-abr-25,28.04,15-abr-25,5.5,14-abr-25,"1,019.61",Abr 2025,9.80,Abr 2025,8.81,,,,,,,,,28/02/2022,20.42570
15-abr-25,40.38,11-abr-25,28.02,14-abr-25,5.4,11-abr-25,990.62,May 2025,9.80,May 2025,8.31,,,,,,,,,01/03/2022,20.52720
14-abr-25,40.86,10-abr-25,27.95,11-abr-25,5.5,10-abr-25,922.64,,,,,,,,,,,,,02/03/2022,20.71930
11-abr-25,38.15,09-abr-25,27.93,10-abr-25,5.6,09-abr-25,882.66,,,,,,,,,,,,,03/03/2022,20.70330
10-abr-25,35.28,08-abr-25,27.95,09-abr-25,5,08-abr-25,861.67,,,,,,,,,,,,,04/03/2022,20.92620
09-abr-25,38.39,07-abr-25,28.01,08-abr-25,5.05,07-abr-25,833.18,,,,,,,,,,,,,07/03/2022,21.19470
08-abr-25,34.98,04-abr-25,28.01,07-abr-25,5.25,04-abr-25,822.18,,,,,,,,,,,,,08/03/2022,21.37750
07-abr-25,37.03,03-abr-25,27.92,04-abr-25,5.7,03-abr-25,920.14,,,,,,,,,,,,,09/03/2022,20.96770
04-abr-25,38.73,02-abr-25,27.9,03-abr-25,5.45,02-abr-25,934.14,,,,,,,,,,,,,10/03/2022,20.97430
03-abr-25,43.33,01-abr-25,27.86,02-abr-25,5.25,01-abr-25,952.63,,,,,,,,,,,,,11/03/2022,20.96950
02-abr-25,47.35,31-mar-25,27.85,01-abr-25,5.3,31-mar-25,935.64,,,,,,,,,,,,,14/03/2022,20.89080
01-abr-25,47.74,28-mar-25,27.8,31-mar-25,5.25,28-mar-25,947.13,,,,,,,,,,,,,15/03/2022,20.87430
31-mar-25,46.56,27-mar-25,27.79,28-mar-25,5.35,27-mar-25,947.13,,,,,,,,,,,,,16/03/2022,20.70350
28-mar-25,47.5,26-mar-25,27.78,27-mar-25,5.25,26-mar-25,943.14,,,,,,,,,,,,,17/03/2022,20.55850
27-mar-25,48.47,25-mar-25,27.79,26-mar-25,5.3,25-mar-25,940.14,,,,,,,,,,,,,18/03/2022,20.41450
26-mar-25,48.1,24-mar-25,27.79,25-mar-25,5.3,24-mar-25,927.14,,,,,,,,,,,,,22/03/2022,20.27820
25-mar-25,48.33,21-mar-25,27.8,24-mar-25,5.2,21-mar-25,917.15,,,,,,,,,,,,,23/03/2022,20.18000
24-mar-25,46.91,20-mar-25,27.71,21-mar-25,5.25,20-mar-25,935.64,,,,,,,,,,,,,24/03/2022,20.13130
21-mar-25,47.01,19-mar-25,27.75,20-mar-25,5.25,19-mar-25,943.64,,,,,,,,,,,,,25/03/2022,19.95770
20-mar-25,46.45,18-mar-25,27.75,19-mar-25,5.15,18-mar-25,953.63,,,,,,,,,,,,,28/03/2022,20.11950
19-mar-25,46.52,14-mar-25,27.71,18-mar-25,5.3,17-mar-25,937.64,,,,,,,,,,,,,29/03/2022,19.99420
18-mar-25,45.73,13-mar-25,27.67,17-mar-25,5.35,14-mar-25,916.15,,,,,,,,,,,,,30/03/2022,19.86320
17-mar-25,49.15,12-mar-25,27.66,14-mar-25,5.2,13-mar-25,899.15,,,,,,,,,,,,,31/03/2022,19.91120
14-mar-25,49.23,11-mar-25,27.64,13-mar-25,5.1,12-mar-25,894.15,,,,,,,,,,,,,01/04/2022,19.84320
13-mar-25,47.35,10-mar-25,27.63,12-mar-25,5.05,11-mar-25,853.67,,,,,,,,,,,,,04/04/2022,19.74430
12-mar-25,47.24,07-mar-25,27.6,11-mar-25,5.1,10-mar-25,838.18,,,,,,,,,,,,,05/04/2022,19.90120
11-mar-25,42.7,06-mar-25,27.58,10-mar-25,5.2,07-mar-25,848.17,,,,,,,,,,,,,06/04/2022,20.06650
10-mar-25,42.58,05-mar-25,27.54,07-mar-25,5.15,06-mar-25,838.18,,,,,,,,,,,,,07/04/2022,20.16050
07-mar-25,45.72,04-mar-25,27.54,06-mar-25,5.1,05-mar-25,828.18,,,,,,,,,,,,,08/04/2022,20.12000
06-mar-25,45.25,03-mar-25,27.52,05-mar-25,5.3,04-mar-25,779.7,,,,,,,,,,,,,11/04/2022,20.00930
05-mar-25,45.91,28-feb-25,27.47,04-mar-25,5.25,03-mar-25,753.71,,,,,,,,,,,,,12/04/2022,19.84070
04-mar-25,46.13,27-feb-25,27.46,03-mar-25,5.45,28-feb-25,742.21,,,,,,,,,,,,,13/04/2022,19.79670
03-mar-25,49.35,26-feb-25,27.43,28-feb-25,5.35,27-feb-25,751.21,,,,,,,,,,,,,18/04/2022,19.93770
28-feb-25,50.78,25-feb-25,27.41,27-feb-25,5.4,26-feb-25,756.71,,,,,,,,,,,,,19/04/2022,20.04470
27-feb-25,48.69,24-feb-25,27.41,26-feb-25,5.4,25-feb-25,738.71,,,,,,,,,,,,,20/04/2022,20.03830
26-feb-25,51.48,21-feb-25,27.34,25-feb-25,5.55,24-feb-25,757.71,,,,,,,,,,,,,21/04/2022,20.18020
25-feb-25,51.5,20-feb-25,27.33,24-feb-25,5.6,21-feb-25,776.2,,,,,,,,,,,,,22/04/2022,20.31830
24-feb-25,52.03,19-feb-25,27.3,21-feb-25,5.7,20-feb-25,786.7,,,,,,,,,,,,,25/04/2022,20.29920
21-feb-25,54.21,18-feb-25,27.3,20-feb-25,5.65,19-feb-25,770.2,,,,,,,,,,,,,26/04/2022,20.35600
20-feb-25,55.39,17-feb-25,27.29,19-feb-25,5.7,18-feb-25,783.7,,,,,,,,,,,,,27/04/2022,20.47070
19-feb-25,52.99,14-feb-25,27.27,18-feb-25,5.5,17-feb-25,784.2,,,,,,,,,,,,,28/04/2022,20.56700
18-feb-25,51.14,13-feb-25,27.25,17-feb-25,5.65,14-feb-25,798.19,,,,,,,,,,,,,29/04/2022,20.37280
14-feb-25,51.42,12-feb-25,27.27,14-feb-25,5.55,13-feb-25,797.69,,,,,,,,,,,,,02/05/2022,20.40750
13-feb-25,51.69,11-feb-25,27.28,13-feb-25,5.55,12-feb-25,791.19,,,,,,,,,,,,,03/05/2022,20.33500
12-feb-25,50.71,10-feb-25,27.26,12-feb-25,5.55,11-feb-25,790.19,,,,,,,,,,,,,04/05/2022,20.25350
11-feb-25,50.77,07-feb-25,27.26,11-feb-25,5.5,10-feb-25,801.69,,,,,,,,,,,,,05/05/2022,20.22180
10-feb-25,53.66,06-feb-25,27.21,10-feb-25,5.35,07-feb-25,764.7,,,,,,,,,,,,,06/05/2022,20.10850
07-feb-25,52.64,05-feb-25,27.18,07-feb-25,5.35,06-feb-25,752.71,,,,,,,,,,,,,09/05/2022,20.31720
06-feb-25,53.54,04-feb-25,27.13,06-feb-25,5.3,05-feb-25,754.71,,,,,,,,,,,,,10/05/2022,20.37200
05-feb-25,52.38,31-ene-25,27.12,05-feb-25,5.35,04-feb-25,713.22,,,,,,,,,,,,,11/05/2022,20.25920
04-feb-25,53.26,30-ene-25,27.09,04-feb-25,5.5,03-feb-25,709.23,,,,,,,,,,,,,12/05/2022,20.32000
03-feb-25,52.8,29-ene-25,27.09,03-feb-25,5.35,31-ene-25,695.73,,,,,,,,,,,,,13/05/2022,20.14430
31-ene-25,53.95,28-ene-25,27.09,31-ene-25,5.55,30-ene-25,712.22,,,,,,,,,,,,,16/05/2022,20.07820
30-ene-25,55.52,27-ene-25,27.08,30-ene-25,5.5,29-ene-25,674.74,,,,,,,,,,,,,17/05/2022,19.96370
29-ene-25,54.96,24-ene-25,27.06,29-ene-25,5.45,28-ene-25,656.75,,,,,,,,,,,,,18/05/2022,19.96630
28-ene-25,52.67,23-ene-25,27.04,28-ene-25,5.35,27-ene-25,671.24,,,,,,,,,,,,,19/05/2022,19.92670
27-ene-25,54.07,22-ene-25,26.92,27-ene-25,5.5,24-ene-25,685.23,,,,,,,,,,,,,20/05/2022,19.86570
24-ene-25,56.98,21-ene-25,26.88,24-ene-25,5.55,23-ene-25,678.24,,,,,,,,,,,,,23/05/2022,19.82820
23-ene-25,58.77,20-ene-25,26.85,23-ene-25,5.45,22-ene-25,684.74,,,,,,,,,,,,,24/05/2022,19.88700
22-ene-25,58.67,17-ene-25,26.85,22-ene-25,5.35,21-ene-25,693.23,,,,,,,,,,,,,25/05/2022,19.83770
21-ene-25,57.47,16-ene-25,26.85,21-ene-25,5.3,20-ene-25,685.23,,,,,,,,,,,,,26/05/2022,19.79330
17-ene-25,56.73,15-ene-25,26.82,20-ene-25,5.3,17-ene-25,665.74,,,,,,,,,,,,,27/05/2022,19.59650
16-ene-25,58.33,14-ene-25,26.79,17-ene-25,5.3,16-ene-25,680.24,,,,,,,,,,,,,30/05/2022,19.49530
15-ene-25,59.5,13-ene-25,26.81,16-ene-25,5.5,15-ene-25,665.74,,,,,,,,,,,,,31/05/2022,19.69400
14-ene-25,58.79,09-ene-25,26.8,15-ene-25,5.4,14-ene-25,654.75,,,,,,,,,,,,,01/06/2022,19.73880
13-ene-25,57.01,08-ene-25,26.78,14-ene-25,5.3,13-ene-25,644.25,,,,,,,,,,,,,02/06/2022,19.55850
10-ene-25,57.85,07-ene-25,26.76,13-ene-25,5.15,10-ene-25,667.74,,,,,,,,,,,,,03/06/2022,19.57420
08-ene-25,56.49,06-ene-25,26.75,10-ene-25,5.35,09-ene-25,668.74,,,,,,,,,,,,,06/06/2022,19.55470
07-ene-25,57.5,31-dic-24,26.69,09-ene-25,5.3,08-ene-25,647.75,,,,,,,,,,,,,07/06/2022,19.59980
06-ene-25,54.49,30-dic-24,26.68,08-ene-25,5.25,07-ene-25,644.75,,,,,,,,,,,,,08/06/2022,19.59000
03-ene-25,54.17,27-dic-24,26.65,07-ene-25,5.15,06-ene-25,643.75,,,,,,,,,,,,,09/06/2022,19.61280
02-ene-25,55.9,26-dic-24,26.65,06-ene-25,5.15,03-ene-25,648.75,,,,,,,,,,,,,10/06/2022,19.92970
31-dic-24,54.11,24-dic-24,26.61,03-ene-25,5.3,02-ene-25,649.25,,,,,,,,,,,,,13/06/2022,20.45270
30-dic-24,54.09,23-dic-24,26.62,02-ene-25,5.2,31-dic-24,621.26,,,,,,,,,,,,,14/06/2022,20.65830
27-dic-24,54.17,20-dic-24,26.63,30-dic-24,5.2,30-dic-24,615.76,,,,,,,,,,,,,15/06/2022,20.66750
26-dic-24,54.09,19-dic-24,26.58,27-dic-24,5.2,27-dic-24,630.26,,,,,,,,,,,,,16/06/2022,20.57280
24-dic-24,54,18-dic-24,26.57,23-dic-24,5.15,24-dic-24,636.25,,,,,,,,,,,,,17/06/2022,20.47600
23-dic-24,53.71,17-dic-24,26.55,20-dic-24,5.3,23-dic-24,636.75,,,,,,,,,,,,,20/06/2022,20.24420
20-dic-24,53.56,16-dic-24,26.55,19-dic-24,5.4,20-dic-24,638.25,,,,,,,,,,,,,21/06/2022,20.19630
19-dic-24,53.92,13-dic-24,26.56,18-dic-24,5.45,19-dic-24,631.26,,,,,,,,,,,,,22/06/2022,20.04650
18-dic-24,54.91,11-dic-24,26.56,17-dic-24,5.45,18-dic-24,648.25,,,,,,,,,,,,,23/06/2022,20.03650
17-dic-24,58.1,10-dic-24,26.54,16-dic-24,5.45,17-dic-24,649.75,,,,,,,,,,,,,24/06/2022,19.87070
16-dic-24,58,09-dic-24,26.53,13-dic-24,5.4,16-dic-24,656.25,,,,,,,,,,,,,27/06/2022,19.87970
13-dic-24,57.98,06-dic-24,26.54,12-dic-24,5.4,13-dic-24,665.24,,,,,,,,,,,,,28/06/2022,19.98470
12-dic-24,58.41,05-dic-24,26.52,11-dic-24,5.45,12-dic-24,679.24,,,,,,,,,,,,,29/06/2022,20.14430
11-dic-24,58.14,04-dic-24,26.53,10-dic-24,5.5,11-dic-24,698.73,,,,,,,,,,,,,30/06/2022,20.13350
10-dic-24,55.79,03-dic-24,26.52,09-dic-24,5.55,10-dic-24,680.74,,,,,,,,,,,,,01/07/2022,20.38170
09-dic-24,57.44,02-dic-24,26.52,06-dic-24,5.55,09-dic-24,685.73,,,,,,,,,,,,,04/07/2022,20.28770
06-dic-24,55.37,29-nov-24,26.49,05-dic-24,5.6,06-dic-24,655.25,,,,,,,,,,,,,05/07/2022,20.55980
05-dic-24,56.11,28-nov-24,26.47,04-dic-24,5.8,05-dic-24,663.24,,,,,,,,,,,,,06/07/2022,20.72280
04-dic-24,55.47,27-nov-24,26.43,03-dic-24,5.8,04-dic-24,668.74,,,,,,,,,,,,,07/07/2022,20.60220
03-dic-24,56.03,26-nov-24,26.45,02-dic-24,5.5,03-dic-24,665.74,,,,,,,,,,,,,08/07/2022,20.44230
02-dic-24,53.27,25-nov-24,26.37,29-nov-24,5.75,02-dic-24,647.25,,,,,,,,,,,,,11/07/2022,20.74730
29-nov-24,53.23,22-nov-24,26.34,28-nov-24,5.5,29-nov-24,645.75,,,,,,,,,,,,,12/07/2022,20.78820
27-nov-24,53.37,21-nov-24,26.36,27-nov-24,5.25,28-nov-24,637.75,,,,,,,,,,,,,13/07/2022,20.76130
26-nov-24,53.52,20-nov-24,26.37,26-nov-24,5.35,27-nov-24,634.75,,,,,,,,,,,,,14/07/2022,20.94150
25-nov-24,55.46,19-nov-24,26.32,25-nov-24,5.45,26-nov-24,638.25,,,,,,,,,,,,,15/07/2022,20.61100
22-nov-24,56.51,15-nov-24,26.29,22-nov-24,5.35,25-nov-24,632.76,,,,,,,,,,,,,18/07/2022,20.39570
21-nov-24,51.77,14-nov-24,26.25,21-nov-24,5.25,22-nov-24,652.25,,,,,,,,,,,,,19/07/2022,20.44070
20-nov-24,51.04,13-nov-24,26.24,20-nov-24,5.3,21-nov-24,647.25,,,,,,,,,,,,,20/07/2022,20.49130
19-nov-24,49.88,12-nov-24,26.25,19-nov-24,5.35,20-nov-24,654.25,,,,,,,,,,,,,21/07/2022,20.65620
18-nov-24,50.09,11-nov-24,26.25,18-nov-24,5.55,19-nov-24,664.74,,,,,,,,,,,,,22/07/2022,20.51500
15-nov-24,47.61,08-nov-24,26.25,15-nov-24,5.25,18-nov-24,659.74,,,,,,,,,,,,,25/07/2022,20.46520
14-nov-24,49.23,07-nov-24,26.21,14-nov-24,5.25,15-nov-24,647.75,,,,,,,,,,,,,26/07/2022,20.43300
13-nov-24,47.79,06-nov-24,26.18,13-nov-24,5.3,14-nov-24,628.76,,,,,,,,,,,,,27/07/2022,20.51200
12-nov-24,47.67,05-nov-24,26.14,12-nov-24,5.35,13-nov-24,633.26,,,,,,,,,,,,,28/07/2022,20.37780
11-nov-24,47.32,04-nov-24,26.11,11-nov-24,5.45,12-nov-24,622.76,,,,,,,,,,,,,29/07/2022,20.34850
08-nov-24,47.63,01-nov-24,26.12,08-nov-24,5.6,11-nov-24,675.74,,,,,,,,,,,,,01/08/2022,20.26330
07-nov-24,48.56,31-oct-24,26.13,07-nov-24,5.3,08-nov-24,699.73,,,,,,,,,,,,,02/08/2022,20.51520
06-nov-24,50.03,30-oct-24,26.12,06-nov-24,5.4,07-nov-24,710.73,,,,,,,,,,,,,03/08/2022,20.63050
05-nov-24,50.31,29-oct-24,26.09,05-nov-24,5.3,06-nov-24,698.73,,,,,,,,,,,,,04/08/2022,20.33580
04-nov-24,50.38,28-oct-24,26.1,04-nov-24,5.4,05-nov-24,727.22,,,,,,,,,,,,,05/08/2022,20.40100
01-nov-24,49.36,25-oct-24,26.09,01-nov-24,5.4,04-nov-24,721.22,,,,,,,,,,,,,08/08/2022,20.27890
31-oct-24,49.86,24-oct-24,26.06,31-oct-24,5.25,01-nov-24,735.22,,,,,,,,,,,,,09/08/2022,20.27150
30-oct-24,50.7,23-oct-24,26.06,30-oct-24,5.3,31-oct-24,739.21,,,,,,,,,,,,,10/08/2022,19.95620
29-oct-24,50.65,22-oct-24,26.05,29-oct-24,5.35,30-oct-24,759.21,,,,,,,,,,,,,11/08/2022,19.95950
28-oct-24,52.08,21-oct-24,26.11,28-oct-24,5.45,29-oct-24,778.2,,,,,,,,,,,,,12/08/2022,19.87400
25-oct-24,52.93,18-oct-24,26.11,25-oct-24,5.45,28-oct-24,752.71,,,,,,,,,,,,,15/08/2022,19.86180
24-oct-24,48.82,17-oct-24,26.25,24-oct-24,5.5,25-oct-24,758.21,,,,,,,,,,,,,16/08/2022,19.93030
23-oct-24,47.74,16-oct-24,26.27,23-oct-24,5.35,24-oct-24,771.2,,,,,,,,,,,,,17/08/2022,20.03870
22-oct-24,47.67,15-oct-24,26.28,22-oct-24,5.45,23-oct-24,763.2,,,,,,,,,,,,,18/08/2022,20.08350
21-oct-24,48.34,14-oct-24,26.28,21-oct-24,5.5,22-oct-24,768.7,,,,,,,,,,,,,19/08/2022,20.19570
18-oct-24,48.2,11-oct-24,26.23,18-oct-24,5.45,21-oct-24,747.21,,,,,,,,,,,,,22/08/2022,20.15980
17-oct-24,48.93,10-oct-24,26.26,17-oct-24,5.45,18-oct-24,702.73,,,,,,,,,,,,,23/08/2022,19.99820
16-oct-24,46.9,09-oct-24,26.27,16-oct-24,5.6,17-oct-24,684.24,,,,,,,,,,,,,24/08/2022,19.91980
15-oct-24,47.84,08-oct-24,26.25,15-oct-24,5.7,16-oct-24,668.74,,,,,,,,,,,,,25/08/2022,19.94370
14-oct-24,48.67,07-oct-24,26.28,14-oct-24,5.75,15-oct-24,654.25,,,,,,,,,,,,,26/08/2022,19.92680
11-oct-24,49.34,04-oct-24,26.3,11-oct-24,5.7,14-oct-24,656.25,,,,,,,,,,,,,29/08/2022,19.99450
10-oct-24,49.03,03-oct-24,26.31,10-oct-24,5.6,11-oct-24,663.24,,,,,,,,,,,,,30/08/2022,20.14650
09-oct-24,49.07,02-oct-24,26.32,09-oct-24,5.55,10-oct-24,653.75,,,,,,,,,,,,,31/08/2022,20.09620
08-oct-24,47.72,30-sep-24,26.3,08-oct-24,5.7,09-oct-24,631.76,,,,,,,,,,,,,01/09/2022,20.24730
07-oct-24,47.91,27-sep-24,26.32,07-oct-24,5.95,08-oct-24,618.76,,,,,,,,,,,,,02/09/2022,19.97530
04-oct-24,48.57,26-sep-24,26.32,04-oct-24,5.4,07-oct-24,624.26,,,,,,,,,,,,,05/09/2022,19.96200
03-oct-24,48.85,25-sep-24,26.31,03-oct-24,5.6,04-oct-24,635.75,,,,,,,,,,,,,06/09/2022,20.13800
02-oct-24,45.72,24-sep-24,26.3,02-oct-24,5.5,03-oct-24,628.76,,,,,,,,,,,,,07/09/2022,20.02970
01-oct-24,45.39,23-sep-24,26.29,01-oct-24,5.45,02-oct-24,631.76,,,,,,,,,,,,,08/09/2022,20.02030
30-sep-24,44.18,20-sep-24,26.29,30-sep-24,5.45,01-oct-24,621.76,,,,,,,,,,,,,09/09/2022,19.90270
27-sep-24,45.97,19-sep-24,26.27,27-sep-24,5.55,30-sep-24,611.26,,,,,,,,,,,,,12/09/2022,19.79570
26-sep-24,45.49,18-sep-24,26.24,26-sep-24,5.45,27-sep-24,620.76,,,,,,,,,,,,,13/09/2022,20.05500
25-sep-24,48.42,17-sep-24,26.21,25-sep-24,5.6,26-sep-24,636.25,,,,,,,,,,,,,14/09/2022,19.97680
24-sep-24,50.13,13-sep-24,26.14,24-sep-24,5.3,25-sep-24,619.26,,,,,,,,,,,,,15/09/2022,20.05250
23-sep-24,47.55,12-sep-24,26.13,23-sep-24,5.35,24-sep-24,598.77,,,,,,,,,,,,,19/09/2022,19.99430
20-sep-24,47.4,11-sep-24,26.09,20-sep-24,5.5,23-sep-24,595.27,,,,,,,,,,,,,20/09/2022,20.00000
19-sep-24,47.7,10-sep-24,26.13,19-sep-24,5.45,20-sep-24,586.27,,,,,,,,,,,,,21/09/2022,20.00270
18-sep-24,46.94,09-sep-24,26.13,18-sep-24,5.45,19-sep-24,588.27,,,,,,,,,,,,,22/09/2022,19.96080
17-sep-24,47.69,06-sep-24,26.08,17-sep-24,5.3,18-sep-24,562.78,,,,,,,,,,,,,23/09/2022,20.16270
16-sep-24,47.8,05-sep-24,26.05,16-sep-24,5.3,17-sep-24,568.78,,,,,,,,,,,,,26/09/2022,20.35170
13-sep-24,47.38,04-sep-24,25.99,13-sep-24,5.3,16-sep-24,573.78,,,,,,,,,,,,,27/09/2022,20.35700
12-sep-24,46.64,03-sep-24,25.98,12-sep-24,5.1,13-sep-24,567.78,,,,,,,,,,,,,28/09/2022,20.30580
11-sep-24,45.63,02-sep-24,25.98,11-sep-24,5.05,12-sep-24,537.29,,,,,,,,,,,,,29/09/2022,20.19270
10-sep-24,45.54,30-ago-24,25.94,10-sep-24,5.1,11-sep-24,518.3,,,,,,,,,,,,,30/09/2022,20.09250
09-sep-24,47.8,29-ago-24,25.96,09-sep-24,5.05,10-sep-24,513.8,,,,,,,,,,,,,03/10/2022,20.00080
06-sep-24,48.02,28-ago-24,25.95,06-sep-24,5.15,09-sep-24,504.3,,,,,,,,,,,,,04/10/2022,19.96980
05-sep-24,48.52,27-ago-24,25.99,05-sep-24,5.15,06-sep-24,508.3,,,,,,,,,,,,,05/10/2022,20.12670
04-sep-24,49.53,26-ago-24,26,04-sep-24,5.2,05-sep-24,512.8,,,,,,,,,,,,,06/10/2022,20.10870
03-sep-24,49.09,23-ago-24,25.91,03-sep-24,5.25,04-sep-24,508.3,,,,,,,,,,,,,07/10/2022,20.05020
30-ago-24,52.13,22-ago-24,25.96,02-sep-24,5.3,03-sep-24,511.3,,,,,,,,,,,,,10/10/2022,19.97520
29-ago-24,51.71,21-ago-24,25.96,30-ago-24,5.15,02-sep-24,541.79,,,,,,,,,,,,,11/10/2022,19.96520
28-ago-24,50.83,20-ago-24,25.99,29-ago-24,5.15,30-ago-24,541.29,,,,,,,,,,,,,12/10/2022,20.03520
27-ago-24,50.85,19-ago-24,25.99,28-ago-24,5.15,29-ago-24,554.29,,,,,,,,,,,,,13/10/2022,20.03980
26-ago-24,51.34,16-ago-24,25.95,27-ago-24,5.45,28-ago-24,546.29,,,,,,,,,,,,,14/10/2022,20.08380
23-ago-24,49.62,15-ago-24,25.98,26-ago-24,5.55,27-ago-24,554.29,,,,,,,,,,,,,17/10/2022,19.99130
22-ago-24,48.25,14-ago-24,25.97,23-ago-24,5.35,23-ago-24,552.79,,,,,,,,,,,,,18/10/2022,20.02070
21-ago-24,48.53,13-ago-24,25.99,22-ago-24,5.35,22-ago-24,543.79,,,,,,,,,,,,,19/10/2022,20.12720
20-ago-24,49.92,12-ago-24,26,21-ago-24,5.55,21-ago-24,549.79,,,,,,,,,,,,,20/10/2022,20.04480
19-ago-24,49.1,09-ago-24,25.92,20-ago-24,5.75,20-ago-24,547.29,,,,,,,,,,,,,21/10/2022,19.96470
16-ago-24,49.77,08-ago-24,25.84,19-ago-24,5.7,19-ago-24,545.29,,,,,,,,,,,,,24/10/2022,19.95350
15-ago-24,49.58,07-ago-24,25.78,16-ago-24,5.75,16-ago-24,531.79,,,,,,,,,,,,,25/10/2022,19.87120
14-ago-24,49.23,06-ago-24,25.77,15-ago-24,5.55,15-ago-24,542.79,,,,,,,,,,,,,26/10/2022,19.85530
13-ago-24,48.73,05-ago-24,25.77,14-ago-24,5.65,14-ago-24,541.29,,,,,,,,,,,,,27/10/2022,19.83650
12-ago-24,48.76,02-ago-24,25.66,13-ago-24,5.55,13-ago-24,542.79,,,,,,,,,,,,,28/10/2022,19.83030
09-ago-24,45.83,01-ago-24,25.67,12-ago-24,5.7,12-ago-24,539.79,,,,,,,,,,,,,31/10/2022,19.82450
08-ago-24,44.51,31-jul-24,25.62,09-ago-24,5.6,09-ago-24,534.79,,,,,,,,,,,,,01/11/2022,19.74630
07-ago-24,43.03,30-jul-24,25.62,08-ago-24,5.4,08-ago-24,534.29,,,,,,,,,,,,,03/11/2022,19.66730
06-ago-24,42.35,29-jul-24,25.61,07-ago-24,5.45,07-ago-24,544.74,,,,,,,,,,,,,04/11/2022,19.52020
05-ago-24,40.61,26-jul-24,25.56,06-ago-24,5.4,06-ago-24,532.74,,,,,,,,,,,,,07/11/2022,19.46470
02-ago-24,40.14,25-jul-24,25.55,05-ago-24,5.6,05-ago-24,549.74,,,,,,,,,,,,,08/11/2022,19.47750
01-ago-24,42.88,24-jul-24,25.54,02-ago-24,5.7,02-ago-24,572.73,,,,,,,,,,,,,09/11/2022,19.58870
31-jul-24,45.06,23-jul-24,25.54,01-ago-24,6,01-ago-24,591.22,,,,,,,,,,,,,10/11/2022,19.39400
30-jul-24,42.04,22-jul-24,25.52,31-jul-24,5.95,31-jul-24,587.72,,,,,,,,,,,,,11/11/2022,19.53530
29-jul-24,43.39,19-jul-24,25.49,30-jul-24,5.7,30-jul-24,573.73,,,,,,,,,,,,,14/11/2022,19.40150
26-jul-24,44.59,18-jul-24,25.52,29-jul-24,5.95,29-jul-24,571.73,,,,,,,,,,,,,15/11/2022,19.38180
25-jul-24,44.25,17-jul-24,25.51,26-jul-24,6,26-jul-24,578.72,,,,,,,,,,,,,16/11/2022,19.31370
24-jul-24,44.94,16-jul-24,25.5,25-jul-24,6.2,25-jul-24,581.72,,,,,,,,,,,,,17/11/2022,19.43330
23-jul-24,47.39,15-jul-24,25.5,24-jul-24,6.25,24-jul-24,606.71,,,,,,,,,,,,,18/11/2022,19.49300
22-jul-24,47.83,12-jul-24,25.45,23-jul-24,6.5,23-jul-24,599.71,,,,,,,,,,,,,22/11/2022,19.46670
19-jul-24,48.2,11-jul-24,25.38,22-jul-24,6.6,22-jul-24,603.71,,,,,,,,,,,,,23/11/2022,19.36830
18-jul-24,47.97,10-jul-24,25.34,19-jul-24,6.25,19-jul-24,615.71,,,,,,,,,,,,,24/11/2022,19.36920
17-jul-24,46.86,09-jul-24,25.32,18-jul-24,6.4,18-jul-24,624.2,,,,,,,,,,,,,25/11/2022,19.33930
16-jul-24,47.35,08-jul-24,25.31,17-jul-24,6.7,17-jul-24,629.7,,,,,,,,,,,,,28/11/2022,19.32500
15-jul-24,47.92,05-jul-24,25.26,16-jul-24,6.65,16-jul-24,624.7,,,,,,,,,,,,,29/11/2022,19.21600
12-jul-24,47.99,04-jul-24,25.27,15-jul-24,6.75,15-jul-24,622.2,,,,,,,,,,,,,30/11/2022,19.39650
11-jul-24,46.87,03-jul-24,25.25,12-jul-24,6.5,12-jul-24,619.7,,,,,,,,,,,,,01/12/2022,19.14330
10-jul-24,46.79,02-jul-24,25.25,11-jul-24,6.9,11-jul-24,624.7,,,,,,,,,,,,,02/12/2022,19.34220
09-jul-24,44.52,01-jul-24,25.28,10-jul-24,6.65,10-jul-24,607.71,,,,,,,,,,,,,05/12/2022,19.75670
08-jul-24,45.46,28-jun-24,25.23,09-jul-24,6.55,09-jul-24,585.22,,,,,,,,,,,,,06/12/2022,19.80300
05-jul-24,45.84,27-jun-24,25.2,08-jul-24,6.4,08-jul-24,581.72,,,,,,,,,,,,,07/12/2022,19.69770
03-jul-24,45.6,26-jun-24,25.2,05-jul-24,6.55,05-jul-24,592.72,,,,,,,,,,,,,08/12/2022,19.67320
02-jul-24,45.52,25-jun-24,25.2,04-jul-24,6.55,04-jul-24,576.22,,,,,,,,,,,,,09/12/2022,19.81920
01-jul-24,44.02,24-jun-24,25.14,03-jul-24,6.3,03-jul-24,573.73,,,,,,,,,,,,,13/12/2022,19.64580
28-jun-24,45.48,21-jun-24,25.09,02-jul-24,6.5,02-jul-24,551.24,,,,,,,,,,,,,14/12/2022,19.69550
27-jun-24,45.72,20-jun-24,25.07,01-jul-24,6.25,01-jul-24,562.23,,,,,,,,,,,,,15/12/2022,19.79630
26-jun-24,45.12,19-jun-24,25.06,28-jun-24,6.35,28-jun-24,561.73,,,,,,,,,,,,,16/12/2022,19.79320
25-jun-24,46.14,18-jun-24,25,27-jun-24,6.55,27-jun-24,564.73,,,,,,,,,,,,,19/12/2022,19.75570
24-jun-24,43.83,17-jun-24,25.02,26-jun-24,5.15,26-jun-24,562.23,,,,,,,,,,,,,20/12/2022,19.74820
21-jun-24,42.66,14-jun-24,25.04,25-jun-24,5.27,25-jun-24,559.23,,,,,,,,,,,,,21/12/2022,19.69320
20-jun-24,43.52,13-jun-24,24.98,24-jun-24,5.23,24-jun-24,563.73,,,,,,,,,,,,,22/12/2022,19.57400
18-jun-24,42.43,12-jun-24,24.97,21-jun-24,5.3,21-jun-24,556.23,,,,,,,,,,,,,23/12/2022,19.42870
17-jun-24,42.43,11-jun-24,25.02,20-jun-24,5.23,20-jun-24,564.73,,,,,,,,,,,,,26/12/2022,19.39830
14-jun-24,43.61,10-jun-24,25.03,19-jun-24,5.23,19-jun-24,540.74,,,,,,,,,,,,,27/12/2022,19.44070
13-jun-24,43.87,07-jun-24,25.18,18-jun-24,4.92,18-jun-24,542.24,,,,,,,,,,,,,28/12/2022,19.41430
12-jun-24,44.04,06-jun-24,25.14,17-jun-24,5.11,17-jun-24,542.74,,,,,,,,,,,,,29/12/2022,19.36150
11-jun-24,43.37,05-jun-24,25.07,14-jun-24,5.23,14-jun-24,545.24,,,,,,,,,,,,,30/12/2022,19.47150
10-jun-24,44.39,04-jun-24,25.07,13-jun-24,5.3,13-jun-24,538.74,,,,,,,,,,,,,02/01/2023,19.48830
07-jun-24,42.83,03-jun-24,25.14,12-jun-24,5.5,12-jun-24,554.23,,,,,,,,,,,,,03/01/2023,19.42200
06-jun-24,42.42,31-may-24,25.13,11-jun-24,5.3,11-jun-24,550.74,,,,,,,,,,,,,04/01/2023,19.35680
05-jun-24,42.61,30-may-24,25.12,10-jun-24,5.15,10-jun-24,559.73,,,,,,,,,,,,,05/01/2023,19.36720
04-jun-24,42.99,29-may-24,25.13,07-jun-24,5.42,07-jun-24,558.73,,,,,,,,,,,,,06/01/2023,19.17530
03-jun-24,46.68,28-may-24,25.14,06-jun-24,5.58,06-jun-24,592.72,,,,,,,,,,,,,09/01/2023,19.16480
31-may-24,48.45,27-may-24,25.14,05-jun-24,5.23,05-jun-24,577.22,,,,,,,,,,,,,10/01/2023,19.11080
30-may-24,48.61,24-may-24,25.12,04-jun-24,4.88,04-jun-24,568.23,,,,,,,,,,,,,11/01/2023,19.02600
29-may-24,46.65,23-may-24,25.12,03-jun-24,5.38,03-jun-24,616.21,,,,,,,,,,,,,12/01/2023,18.87350
28-may-24,45.95,22-may-24,25.12,31-may-24,5.73,31-may-24,619.2,,,,,,,,,,,,,13/01/2023,18.79220
24-may-24,44.32,21-may-24,25.13,30-may-24,5.61,30-may-24,627.7,,,,,,,,,,,,,16/01/2023,18.79130
23-may-24,45.27,20-may-24,25.12,29-may-24,5.65,29-may-24,625.7,,,,,,,,,,,,,17/01/2023,18.74930
22-may-24,46.2,17-may-24,25.1,28-may-24,5.65,28-may-24,613.71,,,,,,,,,,,,,18/01/2023,18.74930
21-may-24,49.01,16-may-24,25.12,27-may-24,5.81,24-may-24,595.71,,,,,,,,,,,,,19/01/2023,19.03270
20-may-24,48.58,15-may-24,25.08,24-may-24,5.96,23-may-24,609.21,,,,,,,,,,,,,20/01/2023,18.92570
17-may-24,47.49,14-may-24,25.06,23-may-24,5.92,22-may-24,620.2,,,,,,,,,,,,,23/01/2023,18.82670
16-may-24,47.47,13-may-24,25.06,22-may-24,5.81,21-may-24,631.7,,,,,,,,,,,,,24/01/2023,18.83180
15-may-24,47.61,10-may-24,25.1,21-may-24,6.16,20-may-24,639.19,,,,,,,,,,,,,25/01/2023,18.82000
14-may-24,46.55,09-may-24,25.08,20-may-24,6.31,17-may-24,614.71,,,,,,,,,,,,,26/01/2023,18.83550
13-may-24,45,08-may-24,25.05,17-may-24,6.2,16-may-24,594.72,,,,,,,,,,,,,27/01/2023,18.78720
10-may-24,45.35,07-may-24,25.03,16-may-24,6.23,15-may-24,594.72,,,,,,,,,,,,,30/01/2023,18.77930
09-may-24,46.24,06-may-24,25.01,15-may-24,6,14-may-24,575.22,,,,,,,,,,,,,31/01/2023,18.79370
08-may-24,46.12,03-may-24,24.93,14-may-24,6.16,13-may-24,577.72,,,,,,,,,,,,,01/02/2023,18.73900
07-may-24,46.53,02-may-24,24.85,13-may-24,6.23,10-may-24,577.22,,,,,,,,,,,,,02/02/2023,18.62320
06-may-24,45.68,30-abr-24,24.86,10-may-24,6.23,09-may-24,579.72,,,,,,,,,,,,,03/02/2023,18.88950
03-may-24,43.2,29-abr-24,24.86,09-may-24,6.08,08-may-24,572.23,,,,,,,,,,,,,07/02/2023,19.05170
02-may-24,42.47,26-abr-24,24.83,08-may-24,6.08,07-may-24,567.23,,,,,,,,,,,,,08/02/2023,18.94350
01-may-24,42.81,25-abr-24,24.84,07-may-24,6.08,03-may-24,549.24,,,,,,,,,,,,,09/02/2023,18.95430
30-abr-24,43.15,24-abr-24,24.82,06-may-24,5.92,02-may-24,557.73,,,,,,,,,,,,,10/02/2023,18.68930
29-abr-24,43.56,23-abr-24,24.81,03-may-24,5.89,01-may-24,562.23,,,,,,,,,,,,,13/02/2023,18.63270
26-abr-24,43.04,22-abr-24,24.65,02-may-24,5.61,30-abr-24,557.73,,,,,,,,,,,,,14/02/2023,18.53830
25-abr-24,42.73,19-abr-24,24.59,30-abr-24,5.85,29-abr-24,590.22,,,,,,,,,,,,,15/02/2023,18.64280
24-abr-24,43.39,18-abr-24,24.61,29-abr-24,5.69,26-abr-24,583.72,,,,,,,,,,,,,16/02/2023,18.54970
23-abr-24,44.17,17-abr-24,24.56,26-abr-24,5.42,25-abr-24,578.72,,,,,,,,,,,,,17/02/2023,18.41420
22-abr-24,43.56,16-abr-24,24.66,25-abr-24,5.58,24-abr-24,580.22,,,,,,,,,,,,,20/02/2023,18.39700
19-abr-24,41.93,15-abr-24,24.72,24-abr-24,5.81,23-abr-24,578.22,,,,,,,,,,,,,21/02/2023,18.39380
18-abr-24,41.31,12-abr-24,24.73,23-abr-24,5.85,22-abr-24,586.72,,,,,,,,,,,,,22/02/2023,18.34830
17-abr-24,41.31,11-abr-24,24.73,22-abr-24,5.77,19-abr-24,601.71,,,,,,,,,,,,,23/02/2023,18.41070
16-abr-24,42.18,10-abr-24,24.81,19-abr-24,5.69,18-abr-24,609.71,,,,,,,,,,,,,24/02/2023,18.40230
15-abr-24,41.67,09-abr-24,24.82,18-abr-24,5.69,17-abr-24,601.18,,,,,,,,,,,,,27/02/2023,18.40770
12-abr-24,43.24,08-abr-24,24.84,17-abr-24,5.73,16-abr-24,584.19,,,,,,,,,,,,,28/02/2023,18.34480
11-abr-24,43.34,05-abr-24,24.86,16-abr-24,5.85,15-abr-24,597.68,,,,,,,,,,,,,01/03/2023,18.17000
10-abr-24,43.38,04-abr-24,24.85,15-abr-24,6.12,12-abr-24,622.17,,,,,,,,,,,,,02/03/2023,18.12600
09-abr-24,43.1,03-abr-24,24.84,12-abr-24,6.04,11-abr-24,578.19,,,,,,,,,,,,,03/03/2023,18.01230
08-abr-24,43.8,02-abr-24,24.84,11-abr-24,5.89,10-abr-24,578.69,,,,,,,,,,,,,06/03/2023,18.01220
05-abr-24,42.46,01-abr-24,24.87,10-abr-24,6.2,09-abr-24,577.69,,,,,,,,,,,,,07/03/2023,18.11550
04-abr-24,41.3,27-mar-24,24.8,09-abr-24,6.23,08-abr-24,555.7,,,,,,,,,,,,,08/03/2023,17.96620
03-abr-24,41.92,26-mar-24,24.77,08-abr-24,6.23,05-abr-24,541.71,,,,,,,,,,,,,09/03/2023,18.05770
02-abr-24,41.47,25-mar-24,24.78,05-abr-24,6.12,04-abr-24,540.21,,,,,,,,,,,,,10/03/2023,18.40830
01-abr-24,41.31,22-mar-24,24.76,04-abr-24,6.12,03-abr-24,523.72,,,,,,,,,,,,,13/03/2023,18.83020
28-mar-24,41.38,21-mar-24,24.74,03-abr-24,6.31,02-abr-24,505.23,,,,,,,,,,,,,14/03/2023,18.64270
27-mar-24,42.24,20-mar-24,24.72,02-abr-24,6.27,28-mar-24,469.65,,,,,,,,,,,,,15/03/2023,18.99720
26-mar-24,41.97,19-mar-24,24.7,28-mar-24,6.27,27-mar-24,456.76,,,,,,,,,,,,,16/03/2023,18.90950
25-mar-24,42.55,15-mar-24,24.7,27-mar-24,6.08,26-mar-24,445.56,,,,,,,,,,,,,17/03/2023,18.89770
22-mar-24,43.46,14-mar-24,24.74,26-mar-24,6.04,25-mar-24,451.76,,,,,,,,,,,,,21/03/2023,18.67550
21-mar-24,43.27,13-mar-24,24.71,25-mar-24,6.08,22-mar-24,454.76,,,,,,,,,,,,,22/03/2023,18.54370
20-mar-24,42.99,12-mar-24,24.71,22-mar-24,6.16,21-mar-24,449.76,,,,,,,,,,,,,23/03/2023,18.49020
19-mar-24,42.55,11-mar-24,24.73,21-mar-24,6.23,20-mar-24,440.06,,,,,,,,,,,,,24/03/2023,18.51780
18-mar-24,41.86,07-mar-24,25.72,20-mar-24,5.96,19-mar-24,441.16,,,,,,,,,,,,,27/03/2023,18.38300
15-mar-24,40.75,06-mar-24,25.86,19-mar-24,5.89,18-mar-24,460.95,,,,,,,,,,,,,28/03/2023,18.25230
14-mar-24,39.33,05-mar-24,25.66,18-mar-24,5.92,15-mar-24,467.45,,,,,,,,,,,,,29/03/2023,18.10520
13-mar-24,39.75,04-mar-24,25.67,15-mar-24,6.27,14-mar-24,464.15,,,,,,,,,,,,,30/03/2023,18.09320
12-mar-24,38.58,01-mar-24,25.66,14-mar-24,6.27,13-mar-24,461.45,,,,,,,,,,,,,31/03/2023,18.04150
11-mar-24,36.7,29-feb-24,25.65,13-mar-24,5.89,12-mar-24,464.05,,,,,,,,,,,,,03/04/2023,18.10700
08-mar-24,36.59,28-feb-24,25.64,12-mar-24,5.89,11-mar-24,469.55,,,,,,,,,,,,,04/04/2023,18.11850
07-mar-24,36.5,27-feb-24,25.66,11-mar-24,5.73,08-mar-24,466.75,,,,,,,,,,,,,05/04/2023,18.33230
06-mar-24,37.66,26-feb-24,25.69,08-mar-24,5.89,07-mar-24,477.34,,,,,,,,,,,,,10/04/2023,18.17650
05-mar-24,36.58,23-feb-24,25.68,07-mar-24,6,06-mar-24,479.04,,,,,,,,,,,,,11/04/2023,18.18700
04-mar-24,36.6,22-feb-24,25.66,06-mar-24,6.12,05-mar-24,493.44,,,,,,,,,,,,,12/04/2023,18.06600
01-mar-24,37.53,21-feb-24,25.64,05-mar-24,6.04,04-mar-24,475.85,,,,,,,,,,,,,13/04/2023,18.01520
29-feb-24,36.8,20-feb-24,25.65,04-mar-24,6,01-mar-24,463.35,,,,,,,,,,,,,14/04/2023,18.06380
28-feb-24,36.06,19-feb-24,25.65,01-mar-24,6.04,29-feb-24,455.16,,,,,,,,,,,,,17/04/2023,18.08680
27-feb-24,35.61,16-feb-24,25.67,29-feb-24,6.04,28-feb-24,451.36,,,,,,,,,,,,,18/04/2023,18.06300
26-feb-24,35.87,15-feb-24,25.68,28-feb-24,6.2,27-feb-24,467.65,,,,,,,,,,,,,19/04/2023,18.04480
23-feb-24,35.69,14-feb-24,25.63,27-feb-24,6.23,26-feb-24,467.55,,,,,,,,,,,,,20/04/2023,18.00900
22-feb-24,36.13,13-feb-24,25.68,26-feb-24,6.04,23-feb-24,474.15,,,,,,,,,,,,,21/04/2023,17.99880
21-feb-24,36.03,12-feb-24,25.68,23-feb-24,6.04,22-feb-24,470.05,,,,,,,,,,,,,24/04/2023,18.00820
20-feb-24,34.85,09-feb-24,25.62,22-feb-24,6.27,21-feb-24,469.65,,,,,,,,,,,,,25/04/2023,18.08920
16-feb-24,33.61,08-feb-24,25.59,21-feb-24,6.35,20-feb-24,472.75,,,,,,,,,,,,,26/04/2023,18.10300
15-feb-24,32.97,07-feb-24,25.55,20-feb-24,6.27,19-feb-24,477.24,,,,,,,,,,,,,27/04/2023,18.07230
14-feb-24,31.9,06-feb-24,25.54,19-feb-24,6.2,16-feb-24,487.24,,,,,,,,,,,,,28/04/2023,17.99750
13-feb-24,30.8,02-feb-24,25.59,16-feb-24,6.2,15-feb-24,478.64,,,,,,,,,,,,,02/05/2023,18.03250
12-feb-24,30.8,01-feb-24,25.56,15-feb-24,6.31,14-feb-24,466.25,,,,,,,,,,,,,03/05/2023,17.90600
09-feb-24,30.93,31-ene-24,25.48,14-feb-24,6.16,13-feb-24,471.55,,,,,,,,,,,,,04/05/2023,17.95750
08-feb-24,31.43,30-ene-24,25.48,13-feb-24,6.27,12-feb-24,493.14,,,,,,,,,,,,,05/05/2023,17.78630
07-feb-24,32.24,29-ene-24,25.49,12-feb-24,6.2,09-feb-24,476.44,,,,,,,,,,,,,08/05/2023,17.82130
06-feb-24,31.95,26-ene-24,25.46,09-feb-24,6.35,08-feb-24,492.94,,,,,,,,,,,,,09/05/2023,17.76080
05-feb-24,31.43,25-ene-24,25.44,08-feb-24,6.51,07-feb-24,504.13,,,,,,,,,,,,,10/05/2023,17.58450
02-feb-24,32.22,24-ene-24,25.44,07-feb-24,6.7,06-feb-24,510.73,,,,,,,,,,,,,11/05/2023,17.62870
01-feb-24,32.89,23-ene-24,25.43,06-feb-24,6.62,05-feb-24,504.53,,,,,,,,,,,,,12/05/2023,17.61420
31-ene-24,32.76,22-ene-24,25.53,05-feb-24,6.43,02-feb-24,505.33,,,,,,,,,,,,,15/05/2023,17.53800
30-ene-24,32.94,19-ene-24,25.51,02-feb-24,6.47,01-feb-24,521.72,,,,,,,,,,,,,16/05/2023,17.46720
29-ene-24,33.05,18-ene-24,25.5,01-feb-24,6.66,31-ene-24,531.32,,,,,,,,,,,,,17/05/2023,17.58720
26-ene-24,33.18,17-ene-24,25.54,31-ene-24,6.82,30-ene-24,538.91,,,,,,,,,,,,,18/05/2023,17.73420
25-ene-24,32.91,16-ene-24,25.57,30-ene-24,6.93,29-ene-24,548.31,,,,,,,,,,,,,19/05/2023,17.69300
24-ene-24,32.17,15-ene-24,25.57,29-ene-24,6.93,26-ene-24,498.53,,,,,,,,,,,,,22/05/2023,17.86800
23-ene-24,31.75,12-ene-24,25.49,26-ene-24,6.82,25-ene-24,494.64,,,,,,,,,,,,,23/05/2023,17.96870
22-ene-24,31.59,11-ene-24,25.48,25-ene-24,6.62,24-ene-24,500.93,,,,,,,,,,,,,24/05/2023,17.81950
19-ene-24,31.56,10-ene-24,25.44,24-ene-24,6.7,23-ene-24,480.64,,,,,,,,,,,,,25/05/2023,17.82520
18-ene-24,31.06,09-ene-24,25.43,23-ene-24,6.47,22-ene-24,477.54,,,,,,,,,,,,,26/05/2023,17.67230
17-ene-24,31.07,08-ene-24,25.41,22-ene-24,6.54,19-ene-24,476.74,,,,,,,,,,,,,29/05/2023,17.56050
16-ene-24,30.54,05-ene-24,25.35,19-ene-24,6.31,18-ene-24,482.34,,,,,,,,,,,,,30/05/2023,17.65320
12-ene-24,30.9,04-ene-24,25.41,18-ene-24,6.66,17-ene-24,487.64,,,,,,,,,,,,,31/05/2023,17.74180
11-ene-24,29.67,03-ene-24,25.4,17-ene-24,6.78,16-ene-24,502.53,,,,,,,,,,,,,01/06/2023,17.56730
10-ene-24,29.31,02-ene-24,25.42,16-ene-24,6.93,15-ene-24,526.92,,,,,,,,,,,,,02/06/2023,17.50630
09-ene-24,29.48,29-dic-23,25.37,15-ene-24,7.28,12-ene-24,533.11,,,,,,,,,,,,,05/06/2023,17.47320
08-ene-24,30.43,28-dic-23,25.38,12-ene-24,7.28,11-ene-24,517.32,,,,,,,,,,,,,06/06/2023,17.41920
05-ene-24,29.79,27-dic-23,25.31,11-ene-24,7.16,10-ene-24,523.92,,,,,,,,,,,,,07/06/2023,17.36080
04-ene-24,29.48,26-dic-23,25.32,10-ene-24,7.36,09-ene-24,540.31,,,,,,,,,,,,,08/06/2023,17.40850
03-ene-24,30.12,22-dic-23,25.31,09-ene-24,7.4,08-ene-24,539.91,,,,,,,,,,,,,09/06/2023,17.28400
02-ene-24,28.51,21-dic-23,25.33,08-ene-24,7.51,05-ene-24,543.71,,,,,,,,,,,,,12/06/2023,17.31200
29-dic-23,29.51,20-dic-23,25.3,05-ene-24,7.82,04-ene-24,542.71,,,,,,,,,,,,,13/06/2023,17.21850
28-dic-23,29.2,19-dic-23,25.28,04-ene-24,7.36,03-ene-24,552.9,,,,,,,,,,,,,14/06/2023,17.12470
27-dic-23,29.87,18-dic-23,25.35,03-ene-24,7.59,02-ene-24,570.69,,,,,,,,,,,,,15/06/2023,17.17620
26-dic-23,29.9,15-dic-23,25.36,02-ene-24,7.59,29-dic-23,594.08,,,,,,,,,,,,,16/06/2023,17.07920
22-dic-23,29.84,14-dic-23,25.26,29-dic-23,7.59,28-dic-23,589.88,,,,,,,,,,,,,19/06/2023,17.09450
21-dic-23,30.08,13-dic-23,25.19,28-dic-23,7.74,27-dic-23,596.48,,,,,,,,,,,,,20/06/2023,17.20430
20-dic-23,31.13,11-dic-23,25.21,27-dic-23,7.63,22-dic-23,585.09,,,,,,,,,,,,,21/06/2023,17.15470
19-dic-23,30.97,08-dic-23,25.24,22-dic-23,7.43,21-dic-23,581.09,,,,,,,,,,,,,22/06/2023,17.17130
18-dic-23,30.44,07-dic-23,25.21,21-dic-23,7.28,20-dic-23,579.49,,,,,,,,,,,,,23/06/2023,17.17950
15-dic-23,28.61,06-dic-23,25.21,20-dic-23,7.24,19-dic-23,576.49,,,,,,,,,,,,,26/06/2023,17.14450
14-dic-23,29.22,05-dic-23,25.19,19-dic-23,7.36,18-dic-23,554.7,,,,,,,,,,,,,27/06/2023,17.10130
13-dic-23,29.2,04-dic-23,25.23,18-dic-23,7.16,15-dic-23,585.29,,,,,,,,,,,,,28/06/2023,17.07200
12-dic-23,29.97,01-dic-23,25.12,15-dic-23,6.54,14-dic-23,590.68,,,,,,,,,,,,,29/06/2023,17.11870
11-dic-23,30.15,30-nov-23,25.19,14-dic-23,6.33,13-dic-23,568.3,,,,,,,,,,,,,30/06/2023,17.13580
08-dic-23,30.39,29-nov-23,25.12,13-dic-23,6.25,12-dic-23,560.5,,,,,,,,,,,,,03/07/2023,17.05170
07-dic-23,29.89,28-nov-23,25.04,12-dic-23,6.22,11-dic-23,575.69,,,,,,,,,,,,,04/07/2023,17.02600
06-dic-23,30.1,27-nov-23,25,11-dic-23,6.15,08-dic-23,580.09,,,,,,,,,,,,,05/07/2023,17.00400
05-dic-23,31.37,24-nov-23,25,08-dic-23,6.22,07-dic-23,584.49,,,,,,,,,,,,,06/07/2023,17.28250
04-dic-23,30.07,23-nov-23,24.99,07-dic-23,6.11,06-dic-23,579.29,,,,,,,,,,,,,07/07/2023,17.10120
01-dic-23,31.09,22-nov-23,25.02,06-dic-23,6.47,05-dic-23,568.7,,,,,,,,,,,,,10/07/2023,17.06050
30-nov-23,30.83,21-nov-23,25.06,05-dic-23,5.89,04-dic-23,587.09,,,,,,,,,,,,,11/07/2023,17.07830
29-nov-23,30.42,17-nov-23,25.03,04-dic-23,5.93,01-dic-23,592.68,,,,,,,,,,,,,12/07/2023,16.85370
28-nov-23,30.89,16-nov-23,24.96,01-dic-23,6.07,30-nov-23,582.49,,,,,,,,,,,,,13/07/2023,16.89050
27-nov-23,32.12,15-nov-23,24.96,30-nov-23,5.64,29-nov-23,590.08,,,,,,,,,,,,,14/07/2023,16.78920
24-nov-23,31.89,14-nov-23,24.82,29-nov-23,5.78,28-nov-23,558.7,,,,,,,,,,,,,17/07/2023,16.78580
22-nov-23,29.1,13-nov-23,24.84,28-nov-23,5.35,27-nov-23,551.11,,,,,,,,,,,,,18/07/2023,16.74800
21-nov-23,29.85,10-nov-23,24.76,27-nov-23,5.24,24-nov-23,528.32,,,,,,,,,,,,,19/07/2023,16.76670
20-nov-23,30.09,09-nov-23,24.71,24-nov-23,5.46,23-nov-23,528.92,,,,,,,,,,,,,20/07/2023,16.84600
17-nov-23,26.59,08-nov-23,24.71,23-nov-23,5.35,22-nov-23,539.71,,,,,,,,,,,,,21/07/2023,16.93930
16-nov-23,25.65,07-nov-23,24.67,22-nov-23,5.24,21-nov-23,538.51,,,,,,,,,,,,,24/07/2023,16.83670
15-nov-23,26.28,06-nov-23,24.68,21-nov-23,5.17,20-nov-23,544.11,,,,,,,,,,,,,25/07/2023,16.90750
14-nov-23,26.85,03-nov-23,24.54,20-nov-23,5.24,17-nov-23,544.11,,,,,,,,,,,,,26/07/2023,16.88250
13-nov-23,26.22,01-nov-23,24.47,17-nov-23,5.35,16-nov-23,536.71,,,,,,,,,,,,,27/07/2023,16.73380
10-nov-23,26.76,31-oct-23,24.47,16-nov-23,5.13,15-nov-23,543.51,,,,,,,,,,,,,28/07/2023,16.68950
09-nov-23,26.06,30-oct-23,24.49,15-nov-23,5.06,14-nov-23,534.71,,,,,,,,,,,,,31/07/2023,16.73030
08-nov-23,25.43,27-oct-23,24.46,14-nov-23,4.84,13-nov-23,517.52,,,,,,,,,,,,,01/08/2023,16.85330
07-nov-23,26.08,26-oct-23,24.39,13-nov-23,4.7,10-nov-23,516.32,,,,,,,,,,,,,02/08/2023,17.01930
06-nov-23,27.18,25-oct-23,24.46,10-nov-23,4.7,09-nov-23,543.11,,,,,,,,,,,,,03/08/2023,17.28920
03-nov-23,28.16,24-oct-23,24.49,09-nov-23,4.81,08-nov-23,541.51,,,,,,,,,,,,,04/08/2023,17.05550
02-nov-23,28.48,23-oct-23,24.5,08-nov-23,4.84,07-nov-23,550.51,,,,,,,,,,,,,07/08/2023,17.06080
01-nov-23,27.62,20-oct-23,24.62,07-nov-23,4.41,06-nov-23,556.3,,,,,,,,,,,,,08/08/2023,17.11220
31-oct-23,27.22,19-oct-23,24.6,06-nov-23,4.41,03-nov-23,558.7,,,,,,,,,,,,,09/08/2023,17.07670
30-oct-23,28.19,18-oct-23,24.6,03-nov-23,4.41,02-nov-23,545.51,,,,,,,,,,,,,10/08/2023,16.95480
27-oct-23,29.24,17-oct-23,24.63,02-nov-23,4.37,01-nov-23,543.71,,,,,,,,,,,,,11/08/2023,17.00450
26-oct-23,29.78,16-oct-23,24.64,01-nov-23,4.27,31-oct-23,553.5,,,,,,,,,,,,,14/08/2023,17.06720
25-oct-23,30.1,13-oct-23,24.6,31-oct-23,4.3,30-oct-23,554.3,,,,,,,,,,,,,15/08/2023,17.13880
24-oct-23,30.54,12-oct-23,24.65,30-oct-23,4.45,27-oct-23,549.31,,,,,,,,,,,,,16/08/2023,17.07680
23-oct-23,30.3,11-oct-23,24.63,27-oct-23,4.56,26-oct-23,533.51,,,,,,,,,,,,,17/08/2023,17.12250
20-oct-23,30.59,10-oct-23,24.6,26-oct-23,4.56,25-oct-23,531.72,,,,,,,,,,,,,18/08/2023,17.04770
19-oct-23,31.22,09-oct-23,24.58,25-oct-23,4.48,24-oct-23,529.32,,,,,,,,,,,,,21/08/2023,17.02020
18-oct-23,31.18,06-oct-23,24.53,24-oct-23,4.59,23-oct-23,525.52,,,,,,,,,,,,,22/08/2023,16.92670
17-oct-23,32.59,05-oct-23,24.5,23-oct-23,4.56,20-oct-23,551.3,,,,,,,,,,,,,23/08/2023,16.80770
16-oct-23,31.39,04-oct-23,24.49,20-oct-23,4.74,19-oct-23,546.11,,,,,,,,,,,,,24/08/2023,16.80900
13-oct-23,31.06,03-oct-23,24.49,19-oct-23,4.81,18-oct-23,552.7,,,,,,,,,,,,,25/08/2023,16.77180
12-oct-23,30.88,02-oct-23,24.52,18-oct-23,4.81,17-oct-23,557.5,,,,,,,,,,,,,28/08/2023,16.74320
11-oct-23,30.98,29-sep-23,24.51,17-oct-23,4.88,16-oct-23,554.1,,,,,,,,,,,,,29/08/2023,16.84020
10-oct-23,30.82,28-sep-23,24.44,16-oct-23,4.77,13-oct-23,551.7,,,,,,,,,,,,,30/08/2023,16.74770
09-oct-23,30.86,27-sep-23,24.47,13-oct-23,5.03,12-oct-23,528.52,,,,,,,,,,,,,31/08/2023,16.91700
06-oct-23,29.71,26-sep-23,24.51,12-oct-23,5.03,11-oct-23,545.91,,,,,,,,,,,,,01/09/2023,17.11130
05-oct-23,29.12,25-sep-23,24.55,11-oct-23,4.99,10-oct-23,546.31,,,,,,,,,,,,,04/09/2023,17.17500
04-oct-23,28.73,22-sep-23,24.53,10-oct-23,4.81,09-oct-23,530.52,,,,,,,,,,,,,05/09/2023,17.34920
03-oct-23,29.45,21-sep-23,24.56,09-oct-23,4.74,06-oct-23,523.12,,,,,,,,,,,,,06/09/2023,17.58050
02-oct-23,30.4,20-sep-23,24.58,06-oct-23,4.74,05-oct-23,512.73,,,,,,,,,,,,,07/09/2023,17.55430
29-sep-23,30.39,19-sep-23,24.64,05-oct-23,4.63,04-oct-23,520.12,,,,,,,,,,,,,08/09/2023,17.57670
28-sep-23,31.1,18-sep-23,24.65,04-oct-23,4.74,03-oct-23,536.51,,,,,,,,,,,,,11/09/2023,17.38130
27-sep-23,30.33,15-sep-23,24.63,03-oct-23,4.77,02-oct-23,534.71,,,,,,,,,,,,,12/09/2023,17.25530
26-sep-23,27.55,14-sep-23,24.62,02-oct-23,4.92,29-sep-23,550.91,,,,,,,,,,,,,13/09/2023,17.12350
25-sep-23,27.4,13-sep-23,24.55,29-sep-23,4.99,28-sep-23,546.71,,,,,,,,,,,,,14/09/2023,17.10420
22-sep-23,27.41,12-sep-23,24.52,28-sep-23,5.03,27-sep-23,548.91,,,,,,,,,,,,,15/09/2023,17.08070
21-sep-23,27.55,11-sep-23,24.6,27-sep-23,4.99,26-sep-23,562.3,,,,,,,,,,,,,18/09/2023,17.13070
20-sep-23,27,08-sep-23,24.6,26-sep-23,4.99,25-sep-23,571.69,,,,,,,,,,,,,19/09/2023,17.08050
19-sep-23,27.12,07-sep-23,24.59,25-sep-23,5.31,22-sep-23,580.29,,,,,,,,,,,,,20/09/2023,17.02400
18-sep-23,27.93,06-sep-23,24.62,22-sep-23,5.53,21-sep-23,579.89,,,,,,,,,,,,,21/09/2023,17.16750
15-sep-23,27.18,05-sep-23,24.64,21-sep-23,5.64,20-sep-23,592.08,,,,,,,,,,,,,22/09/2023,17.15680
14-sep-23,27.4,04-sep-23,24.64,20-sep-23,5.89,19-sep-23,579.29,,,,,,,,,,,,,25/09/2023,17.37330
13-sep-23,26.42,01-sep-23,24.62,19-sep-23,5.5,18-sep-23,578.69,,,,,,,,,,,,,26/09/2023,17.47580
12-sep-23,25.63,31-ago-23,24.6,18-sep-23,5.57,15-sep-23,588.29,,,,,,,,,,,,,27/09/2023,17.72870
11-sep-23,24.65,30-ago-23,24.63,15-sep-23,5.5,14-sep-23,580.69,,,,,,,,,,,,,28/09/2023,17.61950
08-sep-23,24.85,29-ago-23,24.6,14-sep-23,5.42,13-sep-23,573.69,,,,,,,,,,,,,29/09/2023,17.41270
07-sep-23,25.46,28-ago-23,24.6,13-sep-23,5.39,12-sep-23,579.89,,,,,,,,,,,,,02/10/2023,17.59200
06-sep-23,25.89,25-ago-23,24.55,12-sep-23,5.28,11-sep-23,579.69,,,,,,,,,,,,,03/10/2023,17.90250
05-sep-23,25.27,24-ago-23,24.57,11-sep-23,5.28,08-sep-23,554.1,,,,,,,,,,,,,04/10/2023,18.01700
01-sep-23,26.74,23-ago-23,24.46,08-sep-23,5.21,07-sep-23,551.7,,,,,,,,,,,,,05/10/2023,18.24070
31-ago-23,26.8,22-ago-23,24.47,07-sep-23,5.21,06-sep-23,556.9,,,,,,,,,,,,,06/10/2023,18.18370
30-ago-23,26.93,21-ago-23,24.54,06-sep-23,5.21,05-sep-23,562.5,,,,,,,,,,,,,09/10/2023,18.34820
29-ago-23,26.72,18-ago-23,24.53,05-sep-23,5.17,04-sep-23,562.3,,,,,,,,,,,,,10/10/2023,17.99170
28-ago-23,27.31,17-ago-23,24.58,04-sep-23,5.31,01-sep-23,568.9,,,,,,,,,,,,,11/10/2023,17.84200
25-ago-23,26.12,16-ago-23,24.59,01-sep-23,5.21,31-ago-23,575.09,,,,,,,,,,,,,12/10/2023,17.91320
24-ago-23,25.87,15-ago-23,24.57,31-ago-23,5.46,30-ago-23,582.89,,,,,,,,,,,,,13/10/2023,18.03620
23-ago-23,26.24,14-ago-23,24.58,30-ago-23,5.6,29-ago-23,570.29,,,,,,,,,,,,,16/10/2023,17.95680
22-ago-23,25.22,11-ago-23,24.59,29-ago-23,5.39,25-ago-23,549.11,,,,,,,,,,,,,17/10/2023,17.90970
21-ago-23,24.9,10-ago-23,24.61,28-ago-23,5.5,24-ago-23,561.1,,,,,,,,,,,,,18/10/2023,18.24400
18-ago-23,25.06,09-ago-23,24.58,25-ago-23,5.21,23-ago-23,552.7,,,,,,,,,,,,,19/10/2023,18.28730
17-ago-23,24.98,08-ago-23,24.54,24-ago-23,5.28,22-ago-23,537.71,,,,,,,,,,,,,20/10/2023,18.23430
16-ago-23,25.27,07-ago-23,24.57,23-ago-23,5.39,21-ago-23,509.73,,,,,,,,,,,,,23/10/2023,18.12180
15-ago-23,25.25,04-ago-23,24.57,22-ago-23,4.99,18-ago-23,508.93,,,,,,,,,,,,,24/10/2023,18.28420
14-ago-23,25.49,03-ago-23,24.6,21-ago-23,5.13,17-ago-23,512.53,,,,,,,,,,,,,25/10/2023,18.31220
11-ago-23,25.87,02-ago-23,24.59,18-ago-23,5.13,16-ago-23,513.33,,,,,,,,,,,,,26/10/2023,18.21780
10-ago-23,25.26,01-ago-23,24.59,17-ago-23,5.24,15-ago-23,525.72,,,,,,,,,,,,,27/10/2023,18.07520
09-ago-23,25.49,31-jul-23,24.56,16-ago-23,5.03,14-ago-23,525.12,,,,,,,,,,,,,30/10/2023,18.06400
08-ago-23,25.79,28-jul-23,24.53,15-ago-23,4.92,11-ago-23,540.31,,,,,,,,,,,,,31/10/2023,18.03680
07-ago-23,24.98,27-jul-23,24.54,14-ago-23,4.88,10-ago-23,539.31,,,,,,,,,,,,,01/11/2023,17.93050
04-ago-23,24.99,26-jul-23,24.53,11-ago-23,4.92,09-ago-23,549.1,,,,,,,,,,,,,03/11/2023,17.41170
03-ago-23,24.88,25-jul-23,24.56,10-ago-23,4.92,08-ago-23,543.9,,,,,,,,,,,,,06/11/2023,17.53080
02-ago-23,25.03,24-jul-23,24.57,09-ago-23,4.81,07-ago-23,562.89,,,,,,,,,,,,,07/11/2023,17.50970
01-ago-23,25.81,21-jul-23,24.54,08-ago-23,4.88,04-ago-23,558.09,,,,,,,,,,,,,08/11/2023,17.50170
31-jul-23,26.1,20-jul-23,24.57,07-ago-23,5.03,03-ago-23,557.89,,,,,,,,,,,,,09/11/2023,17.48880
28-jul-23,25.71,19-jul-23,24.58,04-ago-23,4.84,02-ago-23,581.68,,,,,,,,,,,,,10/11/2023,17.74800
27-jul-23,25.32,18-jul-23,24.58,03-ago-23,4.77,01-ago-23,590.67,,,,,,,,,,,,,13/11/2023,17.61380
26-jul-23,25.88,17-jul-23,24.56,02-ago-23,5.03,31-jul-23,617.86,,,,,,,,,,,,,14/11/2023,17.39170
25-jul-23,26.29,14-jul-23,24.57,01-ago-23,5.13,28-jul-23,606.06,,,,,,,,,,,,,15/11/2023,17.33870
24-jul-23,26.26,13-jul-23,24.54,31-jul-23,5.24,27-jul-23,613.86,,,,,,,,,,,,,16/11/2023,17.27080
21-jul-23,26.18,12-jul-23,24.44,28-jul-23,5.21,26-jul-23,622.65,,,,,,,,,,,,,17/11/2023,17.21750
20-jul-23,26.07,11-jul-23,24.44,27-jul-23,5.21,25-jul-23,631.65,,,,,,,,,,,,,21/11/2023,17.21020
19-jul-23,26.72,10-jul-23,24.46,26-jul-23,4.99,24-jul-23,623.25,,,,,,,,,,,,,22/11/2023,17.21330
18-jul-23,26.98,07-jul-23,24.47,25-jul-23,5.03,21-jul-23,625.65,,,,,,,,,,,,,23/11/2023,17.17870
17-jul-23,25.98,06-jul-23,24.51,24-jul-23,4.88,20-jul-23,624.85,,,,,,,,,,,,,24/11/2023,17.12680
14-jul-23,25.04,05-jul-23,24.53,21-jul-23,4.88,19-jul-23,628.85,,,,,,,,,,,,,27/11/2023,17.15550
13-jul-23,27.39,04-jul-23,24.57,20-jul-23,4.92,18-jul-23,628.25,,,,,,,,,,,,,28/11/2023,17.13570
12-jul-23,26.69,03-jul-23,24.59,19-jul-23,4.95,17-jul-23,617.66,,,,,,,,,,,,,29/11/2023,17.18700
11-jul-23,26.18,30-jun-23,24.59,18-jul-23,4.95,14-jul-23,628.05,,,,,,,,,,,,,30/11/2023,17.37300
10-jul-23,25.31,29-jun-23,24.63,17-jul-23,4.77,13-jul-23,635.45,,,,,,,,,,,,,01/12/2023,17.21430
07-jul-23,24.05,28-jun-23,24.62,14-jul-23,4.81,12-jul-23,632.85,,,,,,,,,,,,,04/12/2023,17.40600
06-jul-23,23.47,27-jun-23,24.62,13-jul-23,4.84,11-jul-23,612.86,,,,,,,,,,,,,05/12/2023,17.42150
05-jul-23,24.17,26-jun-23,24.59,12-jul-23,4.77,10-jul-23,602.87,,,,,,,,,,,,,06/12/2023,17.26850
03-jul-23,24.18,23-jun-23,24.54,11-jul-23,4.7,07-jul-23,605.66,,,,,,,,,,,,,07/12/2023,17.41970
30-jun-23,24.12,22-jun-23,24.51,10-jul-23,4.74,06-jul-23,599.27,,,,,,,,,,,,,08/12/2023,17.36880
29-jun-23,24.34,21-jun-23,24.49,07-jul-23,4.74,05-jul-23,621.65,,,,,,,,,,,,,11/12/2023,17.44700
28-jun-23,23.87,20-jun-23,24.48,06-jul-23,4.77,04-jul-23,625.85,,,,,,,,,,,,,13/12/2023,17.39800
27-jun-23,23.47,19-jun-23,24.48,05-jul-23,4.81,03-jul-23,625.05,,,,,,,,,,,,,14/12/2023,17.29900
26-jun-23,24.1,16-jun-23,24.49,04-jul-23,4.81,30-jun-23,609.86,,,,,,,,,,,,,15/12/2023,17.19080
23-jun-23,23.33,15-jun-23,24.45,03-jul-23,4.81,29-jun-23,597.07,,,,,,,,,,,,,18/12/2023,17.22770
22-jun-23,23.57,14-jun-23,24.43,30-jun-23,4.63,28-jun-23,600.67,,,,,,,,,,,,,19/12/2023,17.06520
21-jun-23,24.75,13-jun-23,24.41,29-jun-23,4.7,27-jun-23,606.46,,,,,,,,,,,,,20/12/2023,17.06730
20-jun-23,24.1,12-jun-23,24.4,28-jun-23,4.7,26-jun-23,611.26,,,,,,,,,,,,,21/12/2023,17.05900
16-jun-23,23.96,09-jun-23,24.41,27-jun-23,4.16,23-jun-23,609.26,,,,,,,,,,,,,22/12/2023,16.97380
15-jun-23,22.91,08-jun-23,24.39,26-jun-23,4.26,22-jun-23,608.86,,,,,,,,,,,,,26/12/2023,16.97270
14-jun-23,22.51,07-jun-23,24.39,23-jun-23,4.13,21-jun-23,624.05,,,,,,,,,,,,,27/12/2023,16.92200
13-jun-23,22.17,06-jun-23,24.38,22-jun-23,4.13,20-jun-23,644.84,,,,,,,,,,,,,28/12/2023,16.89350
12-jun-23,22.52,05-jun-23,24.37,21-jun-23,4.16,19-jun-23,654.04,,,,,,,,,,,,,29/12/2023,16.91900
09-jun-23,23.37,02-jun-23,24.4,20-jun-23,4.09,16-jun-23,668.63,,,,,,,,,,,,,02/01/2024,17.02970
08-jun-23,23.31,01-jun-23,24.43,19-jun-23,4.09,15-jun-23,667.23,,,,,,,,,,,,,03/01/2024,17.04920
07-jun-23,23.38,31-may-23,24.41,16-jun-23,4.19,14-jun-23,666.83,,,,,,,,,,,,,04/01/2024,17.04580
06-jun-23,22.59,30-may-23,24.39,15-jun-23,4.19,13-jun-23,660.03,,,,,,,,,,,,,05/01/2024,16.89870
05-jun-23,22.02,29-may-23,24.34,14-jun-23,4.13,12-jun-23,648.24,,,,,,,,,,,,,08/01/2024,16.81330
02-jun-23,21.65,26-may-23,24.31,13-jun-23,4.06,09-jun-23,676.82,,,,,,,,,,,,,09/01/2024,16.93470
01-jun-23,21.52,25-may-23,24.34,12-jun-23,4.03,08-jun-23,676.42,,,,,,,,,,,,,10/01/2024,16.99120
31-may-23,20.67,24-may-23,24.36,09-jun-23,4.06,07-jun-23,676.42,,,,,,,,,,,,,11/01/2024,16.98980
30-may-23,21.2,23-may-23,24.25,08-jun-23,3.93,06-jun-23,681.82,,,,,,,,,,,,,12/01/2024,16.85800
26-may-23,21.19,22-may-23,24.25,07-jun-23,3.96,05-jun-23,680.62,,,,,,,,,,,,,15/01/2024,16.89830
25-may-23,21.12,19-may-23,24.24,06-jun-23,4.03,02-jun-23,691.42,,,,,,,,,,,,,16/01/2024,17.15980
24-may-23,21.93,18-may-23,24.25,05-jun-23,3.86,01-jun-23,676.82,,,,,,,,,,,,,17/01/2024,17.29570
23-may-23,21.61,17-may-23,24.23,02-jun-23,3.96,31-may-23,647.64,,,,,,,,,,,,,18/01/2024,17.19950
22-may-23,20.62,16-may-23,24.24,01-jun-23,3.6,30-may-23,648.24,,,,,,,,,,,,,19/01/2024,17.13250
19-may-23,20.22,15-may-23,24.21,31-may-23,3.76,26-may-23,655.64,,,,,,,,,,,,,22/01/2024,17.11250
18-may-23,20.2,12-may-23,24.22,30-may-23,3.76,25-may-23,652.24,,,,,,,,,,,,,23/01/2024,17.35200
17-may-23,20.48,11-may-23,24.22,29-may-23,3.57,24-may-23,660.83,,,,,,,,,,,,,24/01/2024,17.16730
16-may-23,20.08,10-may-23,24.18,26-may-23,3.5,23-may-23,655.64,,,,,,,,,,,,,25/01/2024,17.23750
15-may-23,20.88,09-may-23,24.16,25-may-23,3.47,22-may-23,659.03,,,,,,,,,,,,,26/01/2024,17.16570
12-may-23,21.28,08-may-23,24.18,24-may-23,3.4,19-may-23,664.43,,,,,,,,,,,,,29/01/2024,17.23330
11-may-23,21.16,05-may-23,24.18,23-may-23,3.47,18-may-23,659.23,,,,,,,,,,,,,30/01/2024,17.19320
10-may-23,21.26,04-may-23,24.15,22-may-23,3.5,17-may-23,663.43,,,,,,,,,,,,,31/01/2024,17.16330
09-may-23,21.87,03-may-23,24.14,19-may-23,3.5,16-may-23,672.63,,,,,,,,,,,,,01/02/2024,17.13350
08-may-23,21.03,02-may-23,24.13,18-may-23,3.5,15-may-23,679.82,,,,,,,,,,,,,02/02/2024,17.14470
05-may-23,20.41,28-abr-23,24.1,17-may-23,3.57,12-may-23,680.82,,,,,,,,,,,,,06/02/2024,17.03570
04-may-23,18.99,27-abr-23,24.1,16-may-23,3.54,11-may-23,690.02,,,,,,,,,,,,,07/02/2024,17.03980
03-may-23,19.64,26-abr-23,24.09,15-may-23,3.54,10-may-23,711.8,,,,,,,,,,,,,08/02/2024,17.10230
02-may-23,20.1,25-abr-23,24.07,12-may-23,3.54,09-may-23,716.6,,,,,,,,,,,,,09/02/2024,17.08550
01-may-23,19.93,24-abr-23,24.04,11-may-23,3.5,05-may-23,729.59,,,,,,,,,,,,,12/02/2024,17.06800
28-abr-23,20.92,21-abr-23,24.02,10-may-23,3.54,04-may-23,720,,,,,,,,,,,,,13/02/2024,17.19820
27-abr-23,20.35,20-abr-23,24.01,09-may-23,3.37,03-may-23,713.6,,,,,,,,,,,,,14/02/2024,17.11050
26-abr-23,20.13,19-abr-23,24.03,08-may-23,3.34,02-may-23,700.21,,,,,,,,,,,,,15/02/2024,17.06800
25-abr-23,20.89,18-abr-23,24.02,05-may-23,3.34,28-abr-23,711.01,,,,,,,,,,,,,16/02/2024,17.06020
24-abr-23,21.35,17-abr-23,24.04,04-may-23,3.34,27-abr-23,720.2,,,,,,,,,,,,,19/02/2024,17.05000
21-abr-23,21.1,14-abr-23,24.05,03-may-23,3.25,26-abr-23,734.09,,,,,,,,,,,,,20/02/2024,17.04580
20-abr-23,21.59,13-abr-23,24.05,02-may-23,3.34,25-abr-23,732.49,,,,,,,,,,,,,21/02/2024,17.06030
19-abr-23,21.56,12-abr-23,24.04,28-abr-23,3.37,24-abr-23,748.28,,,,,,,,,,,,,22/02/2024,17.12100
18-abr-23,22.42,11-abr-23,24.07,27-abr-23,3.27,21-abr-23,760.47,,,,,,,,,,,,,23/02/2024,17.12600
17-abr-23,22.39,10-abr-23,24.1,26-abr-23,3.23,20-abr-23,785.45,,,,,,,,,,,,,26/02/2024,17.12600
14-abr-23,22.4,05-abr-23,24.1,25-abr-23,3.27,19-abr-23,790.65,,,,,,,,,,,,,27/02/2024,17.06050
13-abr-23,21.44,04-abr-23,24.07,24-abr-23,3.31,18-abr-23,800.44,,,,,,,,,,,,,28/02/2024,17.09620
12-abr-23,21.7,03-abr-23,24.1,21-abr-23,3.25,17-abr-23,775.66,,,,,,,,,,,,,29/02/2024,17.06330
11-abr-23,21.5,31-mar-23,24.06,20-abr-23,3.2,14-abr-23,785.25,,,,,,,,,,,,,01/03/2024,17.02170
10-abr-23,21.2,30-mar-23,24,19-abr-23,3.21,13-abr-23,797.24,,,,,,,,,,,,,04/03/2024,16.98280
06-abr-23,20.59,29-mar-23,23.97,18-abr-23,3.23,12-abr-23,784.65,,,,,,,,,,,,,05/03/2024,16.92570
05-abr-23,20.8,28-mar-23,23.97,17-abr-23,3.17,11-abr-23,805.84,,,,,,,,,,,,,06/03/2024,16.87280
04-abr-23,21.17,27-mar-23,24,14-abr-23,3.2,06-abr-23,787.25,,,,,,,,,,,,,07/03/2024,16.87700
03-abr-23,21.18,24-mar-23,23.87,13-abr-23,3.2,05-abr-23,772.26,,,,,,,,,,,,,08/03/2024,16.79850
31-mar-23,19.79,23-mar-23,23.84,12-abr-23,3.12,04-abr-23,769.86,,,,,,,,,,,,,11/03/2024,16.80830
30-mar-23,20.18,22-mar-23,23.76,11-abr-23,3.05,03-abr-23,748.48,,,,,,,,,,,,,12/03/2024,16.82720
29-mar-23,19.77,21-mar-23,23.82,06-abr-23,2.84,31-mar-23,745.48,,,,,,,,,,,,,13/03/2024,16.71270
28-mar-23,19.27,17-mar-23,23.72,05-abr-23,2.99,30-mar-23,747.68,,,,,,,,,,,,,14/03/2024,16.69200
27-mar-23,18.46,16-mar-23,23.75,04-abr-23,2.95,29-mar-23,728.09,,,,,,,,,,,,,15/03/2024,16.71000
24-mar-23,16.79,15-mar-23,23.69,03-abr-23,2.96,28-mar-23,718.5,,,,,,,,,,,,,19/03/2024,16.85230
23-mar-23,17.17,14-mar-23,23.71,31-mar-23,3.03,27-mar-23,720.89,,,,,,,,,,,,,20/03/2024,16.75900
22-mar-23,17.31,13-mar-23,23.73,30-mar-23,2.91,24-mar-23,732.09,,,,,,,,,,,,,21/03/2024,16.76200
21-mar-23,17.36,10-mar-23,23.69,29-mar-23,2.8,23-mar-23,734.49,,,,,,,,,,,,,22/03/2024,16.73670
20-mar-23,16.74,09-mar-23,23.6,28-mar-23,2.84,22-mar-23,726.49,,,,,,,,,,,,,25/03/2024,16.70320
17-mar-23,16.28,08-mar-23,23.61,27-mar-23,2.82,21-mar-23,714.3,,,,,,,,,,,,,26/03/2024,16.67800
16-mar-23,17.03,07-mar-23,23.65,24-mar-23,2.8,20-mar-23,743.48,,,,,,,,,,,,,27/03/2024,16.53230
15-mar-23,16.29,06-mar-23,23.64,23-mar-23,2.7,17-mar-23,709.5,,,,,,,,,,,,,01/04/2024,16.65780
14-mar-23,17.63,03-mar-23,23.6,22-mar-23,2.74,16-mar-23,697.31,,,,,,,,,,,,,02/04/2024,16.56730
13-mar-23,17.36,02-mar-23,23.61,21-mar-23,2.75,15-mar-23,737.08,,,,,,,,,,,,,03/04/2024,16.54150
10-mar-23,18.04,01-mar-23,23.58,20-mar-23,2.68,14-mar-23,736.08,,,,,,,,,,,,,04/04/2024,16.51730
09-mar-23,19.08,28-feb-23,23.59,17-mar-23,2.74,13-mar-23,746.88,,,,,,,,,,,,,05/04/2024,16.47580
08-mar-23,19.18,27-feb-23,23.55,16-mar-23,2.78,10-mar-23,721.69,,,,,,,,,,,,,08/04/2024,16.33570
07-mar-23,19.11,24-feb-23,23.54,15-mar-23,2.8,09-mar-23,712.1,,,,,,,,,,,,,09/04/2024,16.39320
06-mar-23,19.57,23-feb-23,23.53,14-mar-23,2.91,08-mar-23,713.1,,,,,,,,,,,,,10/04/2024,16.48830
03-mar-23,19.3,22-feb-23,23.51,13-mar-23,2.79,07-mar-23,707.9,,,,,,,,,,,,,11/04/2024,16.45830
02-mar-23,18.7,21-feb-23,23.5,10-mar-23,2.89,06-mar-23,759.87,,,,,,,,,,,,,12/04/2024,16.66930
01-mar-23,18.95,20-feb-23,23.48,09-mar-23,2.99,03-mar-23,774.86,,,,,,,,,,,,,15/04/2024,16.68150
28-feb-23,18.04,17-feb-23,23.48,08-mar-23,2.95,02-mar-23,767.06,,,,,,,,,,,,,16/04/2024,17.02520
27-feb-23,18.33,16-feb-23,23.47,07-mar-23,3.04,01-mar-23,777.65,,,,,,,,,,,,,17/04/2024,16.99480
24-feb-23,17.39,15-feb-23,23.45,06-mar-23,3.1,28-feb-23,762.87,,,,,,,,,,,,,18/04/2024,17.11450
23-feb-23,17.94,14-feb-23,23.53,03-mar-23,3.1,27-feb-23,763.26,,,,,,,,,,,,,19/04/2024,17.21200
22-feb-23,17.24,13-feb-23,23.59,02-mar-23,2.96,24-feb-23,768.26,,,,,,,,,,,,,22/04/2024,17.12430
21-feb-23,17.77,10-feb-23,23.59,01-mar-23,2.91,23-feb-23,775.26,,,,,,,,,,,,,23/04/2024,16.99950
17-feb-23,17.47,09-feb-23,23.62,28-feb-23,2.92,22-feb-23,778.85,,,,,,,,,,,,,24/04/2024,17.10980
16-feb-23,18.15,08-feb-23,23.62,27-feb-23,2.97,21-feb-23,792.44,,,,,,,,,,,,,25/04/2024,17.18830
15-feb-23,18.5,07-feb-23,23.65,24-feb-23,2.91,20-feb-23,807.83,,,,,,,,,,,,,26/04/2024,17.15520
14-feb-23,18.43,03-feb-23,23.66,23-feb-23,2.93,17-feb-23,802.64,,,,,,,,,,,,,29/04/2024,17.02430
13-feb-23,17.73,02-feb-23,23.61,22-feb-23,2.89,16-feb-23,800.64,,,,,,,,,,,,,30/04/2024,17.09580
10-feb-23,16.94,01-feb-23,23.57,21-feb-23,2.92,15-feb-23,788.45,,,,,,,,,,,,,02/05/2024,16.93930
09-feb-23,16.5,31-ene-23,23.57,20-feb-23,2.97,14-feb-23,793.04,,,,,,,,,,,,,03/05/2024,17.00420
08-feb-23,16.92,30-ene-23,23.58,17-feb-23,2.96,13-feb-23,793.84,,,,,,,,,,,,,06/05/2024,16.89470
07-feb-23,16.45,27-ene-23,23.56,16-feb-23,3.04,10-feb-23,790.05,,,,,,,,,,,,,07/05/2024,16.90830
06-feb-23,15.49,26-ene-23,23.57,15-feb-23,3,09-feb-23,801.04,,,,,,,,,,,,,08/05/2024,16.90870
03-feb-23,15.51,25-ene-23,23.57,14-feb-23,2.99,08-feb-23,819.83,,,,,,,,,,,,,09/05/2024,16.86600
02-feb-23,15.62,24-ene-23,23.56,13-feb-23,3.05,07-feb-23,828.82,,,,,,,,,,,,,10/05/2024,16.76900
01-feb-23,15.99,23-ene-23,23.55,10-feb-23,3.01,06-feb-23,826.82,,,,,,,,,,,,,13/05/2024,16.80720
31-ene-23,15.9,20-ene-23,23.52,09-feb-23,3.04,03-feb-23,816.23,,,,,,,,,,,,,14/05/2024,16.84600
30-ene-23,15.7,19-ene-23,23.57,08-feb-23,3.04,02-feb-23,808.63,,,,,,,,,,,,,15/05/2024,16.67820
27-ene-23,16.13,18-ene-23,23.56,07-feb-23,3.05,01-feb-23,809.43,,,,,,,,,,,,,16/05/2024,16.68930
26-ene-23,16.4,17-ene-23,23.61,06-feb-23,3.05,31-ene-23,820.82,,,,,,,,,,,,,17/05/2024,16.62170
25-ene-23,16.7,16-ene-23,23.63,03-feb-23,3,30-ene-23,835.81,,,,,,,,,,,,,20/05/2024,16.56680
24-ene-23,16.26,13-ene-23,23.63,02-feb-23,3,27-ene-23,858.6,,,,,,,,,,,,,21/05/2024,16.61380
23-ene-23,16.68,12-ene-23,23.6,01-feb-23,3,26-ene-23,868.39,,,,,,,,,,,,,22/05/2024,16.64050
20-ene-23,16.23,11-ene-23,23.58,31-ene-23,3.03,25-ene-23,859.6,,,,,,,,,,,,,23/05/2024,16.69450
19-ene-23,16.13,10-ene-23,23.6,30-ene-23,3.05,24-ene-23,877.98,,,,,,,,,,,,,24/05/2024,16.70230
18-ene-23,15.52,09-ene-23,23.59,27-ene-23,3.05,23-ene-23,870.79,,,,,,,,,,,,,27/05/2024,16.65680
17-ene-23,16.81,06-ene-23,23.49,26-ene-23,3.03,20-ene-23,915.76,,,,,,,,,,,,,28/05/2024,16.74570
13-ene-23,16.7,05-ene-23,23.47,25-ene-23,2.97,19-ene-23,917.96,,,,,,,,,,,,,29/05/2024,16.95000
12-ene-23,16.09,04-ene-23,23.42,24-ene-23,2.99,18-ene-23,941.14,,,,,,,,,,,,,30/05/2024,16.93770
11-ene-23,15.65,03-ene-23,23.38,23-ene-23,3.03,17-ene-23,937.34,,,,,,,,,,,,,31/05/2024,17.01770
10-ene-23,15.59,02-ene-23,23.34,20-ene-23,2.89,16-ene-23,953.73,,,,,,,,,,,,,03/06/2024,17.63380
09-ene-23,15.74,30-dic-22,23.34,19-ene-23,2.91,13-ene-23,948.34,,,,,,,,,,,,,04/06/2024,17.86070
06-ene-23,14.73,29-dic-22,23.35,18-ene-23,2.95,12-ene-23,967.32,,,,,,,,,,,,,05/06/2024,17.55920
05-ene-23,14.78,28-dic-22,23.36,17-ene-23,2.93,11-ene-23,936.94,,,,,,,,,,,,,06/06/2024,17.53350
04-ene-23,14.17,27-dic-22,23.36,16-ene-23,2.88,10-ene-23,940.74,,,,,,,,,,,,,07/06/2024,18.26220
03-ene-23,14.37,26-dic-22,23.36,13-ene-23,2.83,09-ene-23,931.15,,,,,,,,,,,,,10/06/2024,18.38480
30-dic-22,15.66,23-dic-22,23.36,12-ene-23,2.85,06-ene-23,964.32,,,,,,,,,,,,,11/06/2024,18.44570
29-dic-22,15.52,22-dic-22,23.38,11-ene-23,2.82,05-ene-23,945.54,,,,,,,,,,,,,12/06/2024,18.78320
28-dic-22,15.46,21-dic-22,23.37,10-ene-23,2.84,04-ene-23,966.72,,,,,,,,,,,,,13/06/2024,18.53850
27-dic-22,15.78,20-dic-22,23.37,09-ene-23,2.85,03-ene-23,900.97,,,,,,,,,,,,,14/06/2024,18.45120
23-dic-22,15.88,19-dic-22,23.38,06-ene-23,2.8,30-dic-22,901.17,,,,,,,,,,,,,17/06/2024,18.52480
22-dic-22,14.73,16-dic-22,23.39,05-ene-23,2.72,29-dic-22,884.78,,,,,,,,,,,,,18/06/2024,18.41280
21-dic-22,14.58,15-dic-22,23.37,04-ene-23,2.72,28-dic-22,890.98,,,,,,,,,,,,,19/06/2024,18.42300
20-dic-22,14.2,14-dic-22,23.37,03-ene-23,2.67,23-dic-22,871.99,,,,,,,,,,,,,20/06/2024,18.40270
19-dic-22,13.78,13-dic-22,23.29,02-ene-23,2.53,22-dic-22,870.39,,,,,,,,,,,,,21/06/2024,18.18480
16-dic-22,12.98,09-dic-22,23.29,30-dic-22,2.61,21-dic-22,881.18,,,,,,,,,,,,,24/06/2024,17.96270
15-dic-22,12.9,08-dic-22,23.29,29-dic-22,2.67,20-dic-22,865.59,,,,,,,,,,,,,25/06/2024,18.13720
14-dic-22,12.76,07-dic-22,23.24,28-dic-22,2.74,19-dic-22,863.59,,,,,,,,,,,,,26/06/2024,18.22150
13-dic-22,12.39,06-dic-22,23.28,27-dic-22,2.74,16-dic-22,853.8,,,,,,,,,,,,,27/06/2024,18.37730
12-dic-22,12,05-dic-22,23.31,23-dic-22,2.66,15-dic-22,852.6,,,,,,,,,,,,,28/06/2024,18.24780
09-dic-22,11.95,02-dic-22,23.26,22-dic-22,2.38,14-dic-22,854.2,,,,,,,,,,,,,01/07/2024,18.38970
08-dic-22,12.4,01-dic-22,23.16,21-dic-22,2.36,13-dic-22,854.6,,,,,,,,,,,,,02/07/2024,18.24850
07-dic-22,12.54,30-nov-22,23.13,20-dic-22,2.37,12-dic-22,845.21,,,,,,,,,,,,,03/07/2024,18.13550
06-dic-22,12.75,29-nov-22,23.13,19-dic-22,2.36,09-dic-22,873.39,,,,,,,,,,,,,04/07/2024,18.09580
05-dic-22,13.4,28-nov-22,23.15,16-dic-22,2.27,08-dic-22,884.78,,,,,,,,,,,,,05/07/2024,18.09770
02-dic-22,13.65,25-nov-22,23.15,15-dic-22,2.29,07-dic-22,865.59,,,,,,,,,,,,,08/07/2024,18.00950
01-dic-22,14.22,24-nov-22,23.19,14-dic-22,2.41,06-dic-22,876.99,,,,,,,,,,,,,09/07/2024,17.94280
30-nov-22,14.41,23-nov-22,23.16,13-dic-22,2.36,05-dic-22,896.37,,,,,,,,,,,,,10/07/2024,17.82880
29-nov-22,14.34,22-nov-22,23.11,12-dic-22,2.36,02-dic-22,894.97,,,,,,,,,,,,,11/07/2024,17.81920
28-nov-22,13.55,18-nov-22,23.09,09-dic-22,2.33,01-dic-22,902.57,,,,,,,,,,,,,12/07/2024,17.65020
25-nov-22,13.89,17-nov-22,23.09,08-dic-22,2.36,30-nov-22,896.97,,,,,,,,,,,,,15/07/2024,17.78370
23-nov-22,13.27,16-nov-22,23.07,07-dic-22,2.25,29-nov-22,883.18,,,,,,,,,,,,,16/07/2024,17.67950
22-nov-22,13.16,15-nov-22,23.09,06-dic-22,2.27,28-nov-22,881.98,,,,,,,,,,,,,17/07/2024,17.74380
21-nov-22,12.87,14-nov-22,23.14,05-dic-22,2.38,25-nov-22,894.77,,,,,,,,,,,,,18/07/2024,17.89070
18-nov-22,13.1,11-nov-22,23.14,02-dic-22,2.49,24-nov-22,898.97,,,,,,,,,,,,,19/07/2024,17.99700
17-nov-22,13.18,10-nov-22,23.01,01-dic-22,2.43,23-nov-22,890.78,,,,,,,,,,,,,22/07/2024,17.91070
16-nov-22,13.63,09-nov-22,23,30-nov-22,2.33,22-nov-22,885.38,,,,,,,,,,,,,23/07/2024,18.09870
15-nov-22,14.25,08-nov-22,22.98,29-nov-22,2.41,21-nov-22,861,,,,,,,,,,,,,24/07/2024,18.34580
14-nov-22,14.41,07-nov-22,22.97,28-nov-22,2.41,18-nov-22,864.79,,,,,,,,,,,,,25/07/2024,18.38500
11-nov-22,13.91,04-nov-22,22.94,25-nov-22,2.37,17-nov-22,844.21,,,,,,,,,,,,,26/07/2024,18.44750
10-nov-22,13.3,03-nov-22,22.96,24-nov-22,2.41,16-nov-22,851,,,,,,,,,,,,,29/07/2024,18.68180
09-nov-22,13.07,01-nov-22,22.93,23-nov-22,2.49,15-nov-22,857.2,,,,,,,,,,,,,30/07/2024,18.79000
08-nov-22,13.66,31-oct-22,22.95,22-nov-22,2.52,14-nov-22,878.78,,,,,,,,,,,,,31/07/2024,18.59700
07-nov-22,13.85,28-oct-22,22.93,21-nov-22,2.5,11-nov-22,865.59,,,,,,,,,,,,,01/08/2024,18.70600
04-nov-22,13.99,27-oct-22,22.81,18-nov-22,2.42,10-nov-22,853.4,,,,,,,,,,,,,02/08/2024,19.04420
03-nov-22,13.53,26-oct-22,22.79,17-nov-22,2.37,09-nov-22,820.82,,,,,,,,,,,,,05/08/2024,19.39050
02-nov-22,13.85,25-oct-22,22.76,16-nov-22,2.45,08-nov-22,806.43,,,,,,,,,,,,,06/08/2024,19.33000
01-nov-22,13.66,24-oct-22,22.77,15-nov-22,2.44,07-nov-22,773.46,,,,,,,,,,,,,07/08/2024,19.18900
31-oct-22,13.23,21-oct-22,22.74,14-nov-22,2.41,04-nov-22,755.27,,,,,,,,,,,,,08/08/2024,19.09000
28-oct-22,12.74,20-oct-22,22.75,11-nov-22,2.37,03-nov-22,701.31,,,,,,,,,,,,,09/08/2024,18.83680
27-oct-22,13.17,19-oct-22,22.77,10-nov-22,2.41,02-nov-22,720.1,,,,,,,,,,,,,12/08/2024,19.03200
26-oct-22,13.82,18-oct-22,22.77,09-nov-22,2.42,01-nov-22,731.69,,,,,,,,,,,,,13/08/2024,19.03870
25-oct-22,12.93,17-oct-22,22.76,08-nov-22,2.43,31-oct-22,728.49,,,,,,,,,,,,,14/08/2024,18.84780
24-oct-22,12.81,14-oct-22,22.76,07-nov-22,2.48,28-oct-22,723.29,,,,,,,,,,,,,15/08/2024,18.65130
21-oct-22,12.59,13-oct-22,22.78,04-nov-22,2.45,27-oct-22,743.48,,,,,,,,,,,,,16/08/2024,18.62280
20-oct-22,12.12,12-oct-22,22.77,03-nov-22,2.39,26-oct-22,744.48,,,,,,,,,,,,,19/08/2024,18.73570
19-oct-22,11.87,11-oct-22,22.77,02-nov-22,2.37,25-oct-22,713.7,,,,,,,,,,,,,20/08/2024,18.94480
18-oct-22,11.37,10-oct-22,22.8,01-nov-22,2.33,24-oct-22,697.91,,,,,,,,,,,,,21/08/2024,19.25350
17-oct-22,11.58,07-oct-22,22.77,31-oct-22,2.3,21-oct-22,717.5,,,,,,,,,,,,,22/08/2024,19.42350
14-oct-22,11.22,06-oct-22,22.78,28-oct-22,2.29,20-oct-22,713.1,,,,,,,,,,,,,23/08/2024,19.07080
13-oct-22,11.78,05-oct-22,22.8,27-oct-22,2.16,19-oct-22,685.92,,,,,,,,,,,,,26/08/2024,19.38200
12-oct-22,11.2,04-oct-22,22.79,26-oct-22,2.2,18-oct-22,705.11,,,,,,,,,,,,,27/08/2024,19.66920
11-oct-22,11.13,03-oct-22,22.74,25-oct-22,2.2,17-oct-22,707.5,,,,,,,,,,,,,28/08/2024,19.60370
10-oct-22,11.39,30-sep-22,22.73,24-oct-22,2.22,14-oct-22,701.71,,,,,,,,,,,,,29/08/2024,19.81680
07-oct-22,11.81,29-sep-22,22.75,21-oct-22,2.19,13-oct-22,727.69,,,,,,,,,,,,,30/08/2024,19.65350
06-oct-22,11.9,28-sep-22,22.7,20-oct-22,2.22,12-oct-22,758.67,,,,,,,,,,,,,02/09/2024,19.79800
05-oct-22,11.4,27-sep-22,22.73,19-oct-22,2.16,11-oct-22,763.46,,,,,,,,,,,,,03/09/2024,19.83350
04-oct-22,10.23,26-sep-22,22.82,18-oct-22,2.22,10-oct-22,772.46,,,,,,,,,,,,,04/09/2024,19.84600
03-oct-22,9.99,23-sep-22,22.75,17-oct-22,2.14,07-oct-22,787.05,,,,,,,,,,,,,05/09/2024,20.00280
30-sep-22,9.42,22-sep-22,22.78,14-oct-22,2.19,06-oct-22,809.43,,,,,,,,,,,,,06/09/2024,20.01720
29-sep-22,9.35,21-sep-22,22.76,13-oct-22,2.16,05-oct-22,804.04,,,,,,,,,,,,,09/09/2024,19.87980
28-sep-22,9.41,20-sep-22,22.78,12-oct-22,2.2,04-oct-22,829.22,,,,,,,,,,,,,10/09/2024,20.05830
27-sep-22,8.65,19-sep-22,22.78,11-oct-22,2.18,03-oct-22,797.84,,,,,,,,,,,,,11/09/2024,19.83900
26-sep-22,8.4,15-sep-22,22.78,10-oct-22,2.2,30-sep-22,768.66,,,,,,,,,,,,,12/09/2024,19.58870
23-sep-22,8.56,14-sep-22,22.8,07-oct-22,2.21,29-sep-22,747.28,,,,,,,,,,,,,13/09/2024,19.24830
22-sep-22,9.3,13-sep-22,22.87,06-oct-22,2.2,28-sep-22,747.88,,,,,,,,,,,,,17/09/2024,19.26700
21-sep-22,9.54,12-sep-22,22.86,05-oct-22,2.16,27-sep-22,712.7,,,,,,,,,,,,,18/09/2024,19.30330
20-sep-22,9.69,09-sep-22,22.8,04-oct-22,2.14,26-sep-22,713.7,,,,,,,,,,,,,19/09/2024,19.27730
19-sep-22,9.79,08-sep-22,22.79,03-oct-22,2.12,23-sep-22,689.72,,,,,,,,,,,,,20/09/2024,19.37250
16-sep-22,9.8,07-sep-22,22.75,30-sep-22,2.15,22-sep-22,730.89,,,,,,,,,,,,,23/09/2024,19.41500
15-sep-22,9.95,06-sep-22,22.77,29-sep-22,2.1,21-sep-22,746.88,,,,,,,,,,,,,24/09/2024,19.35620
14-sep-22,10.48,05-sep-22,22.77,28-sep-22,2.1,20-sep-22,740.28,,,,,,,,,,,,,25/09/2024,19.58700
13-sep-22,10.42,02-sep-22,22.73,27-sep-22,2.1,16-sep-22,729.49,,,,,,,,,,,,,26/09/2024,19.62900
12-sep-22,10.39,01-sep-22,22.74,26-sep-22,2.12,15-sep-22,730.69,,,,,,,,,,,,,27/09/2024,19.66970
09-sep-22,10.27,31-ago-22,22.72,23-sep-22,2.12,14-sep-22,734.29,,,,,,,,,,,,,30/09/2024,19.64400
08-sep-22,9.81,30-ago-22,22.76,22-sep-22,2.2,13-sep-22,736.08,,,,,,,,,,,,,02/10/2024,19.38850
07-sep-22,9.99,29-ago-22,22.77,21-sep-22,2.22,12-sep-22,751.87,,,,,,,,,,,,,03/10/2024,19.46780
06-sep-22,9.98,26-ago-22,22.79,20-sep-22,2.19,09-sep-22,728.09,,,,,,,,,,,,,04/10/2024,19.21270
02-sep-22,10.03,25-ago-22,22.77,19-sep-22,2.19,08-sep-22,707.1,,,,,,,,,,,,,07/10/2024,19.33880
01-sep-22,9.57,24-ago-22,22.77,16-sep-22,2.16,07-sep-22,700.51,,,,,,,,,,,,,08/10/2024,19.35320
31-ago-22,9.86,23-ago-22,22.75,15-sep-22,2.12,06-sep-22,683.72,,,,,,,,,,,,,09/10/2024,19.41750
30-ago-22,10.03,22-ago-22,22.77,14-sep-22,2.1,05-sep-22,674.73,,,,,,,,,,,,,10/10/2024,19.51130
29-ago-22,10.41,19-ago-22,22.8,13-sep-22,1.98,02-sep-22,693.31,,,,,,,,,,,,,11/10/2024,19.39830
26-ago-22,9.89,18-ago-22,22.81,12-sep-22,1.98,01-sep-22,657.14,,,,,,,,,,,,,14/10/2024,19.34200
25-ago-22,10.39,17-ago-22,22.82,09-sep-22,1.99,31-ago-22,688.12,,,,,,,,,,,,,15/10/2024,19.62000
24-ago-22,9.84,16-ago-22,22.82,08-sep-22,1.95,30-ago-22,690.72,,,,,,,,,,,,,16/10/2024,19.89250
23-ago-22,9.61,15-ago-22,22.82,07-sep-22,1.98,26-ago-22,727.69,,,,,,,,,,,,,17/10/2024,19.93130
22-ago-22,8.95,12-ago-22,22.8,06-sep-22,1.99,25-ago-22,731.49,,,,,,,,,,,,,18/10/2024,19.83250
19-ago-22,8.73,11-ago-22,22.81,05-sep-22,1.96,24-ago-22,727.09,,,,,,,,,,,,,21/10/2024,20.00750
18-ago-22,9,10-ago-22,22.77,02-sep-22,1.95,23-ago-22,721.09,,,,,,,,,,,,,22/10/2024,19.89850
17-ago-22,8.67,09-ago-22,22.82,01-sep-22,1.95,22-ago-22,723.29,,,,,,,,,,,,,23/10/2024,19.93380
16-ago-22,8.9,08-ago-22,22.79,31-ago-22,1.96,19-ago-22,729.29,,,,,,,,,,,,,24/10/2024,19.83850
15-ago-22,9.14,05-ago-22,22.78,30-ago-22,2.11,18-ago-22,729.29,,,,,,,,,,,,,25/10/2024,19.93030
12-ago-22,9.13,04-ago-22,22.77,29-ago-22,2.15,17-ago-22,712.9,,,,,,,,,,,,,28/10/2024,20.00070
11-ago-22,8.98,03-ago-22,22.74,26-ago-22,2.19,16-ago-22,722.29,,,,,,,,,,,,,29/10/2024,20.02080
10-ago-22,8.8,02-ago-22,22.77,25-ago-22,2.18,15-ago-22,737.88,,,,,,,,,,,,,30/10/2024,20.16170
09-ago-22,8.8,01-ago-22,22.75,24-ago-22,2.16,12-ago-22,749.27,,,,,,,,,,,,,31/10/2024,20.03780
08-ago-22,8.9,29-jul-22,22.72,23-ago-22,2.19,11-ago-22,749.87,,,,,,,,,,,,,01/11/2024,20.09080
05-ago-22,8.6,28-jul-22,22.69,22-ago-22,2.18,10-ago-22,738.85,,,,,,,,,,,,,04/11/2024,20.03670
04-ago-22,8.45,27-jul-22,22.69,19-ago-22,2.25,09-ago-22,723.67,,,,,,,,,,,,,05/11/2024,20.26950
03-ago-22,8.52,26-jul-22,22.69,18-ago-22,2.23,08-ago-22,718.47,,,,,,,,,,,,,06/11/2024,20.30930
02-ago-22,8.72,25-jul-22,22.67,17-ago-22,2.23,05-ago-22,703.28,,,,,,,,,,,,,07/11/2024,19.82770
01-ago-22,8.62,22-jul-22,22.58,16-ago-22,2.28,04-ago-22,691.49,,,,,,,,,,,,,08/11/2024,20.13320
29-jul-22,8.78,21-jul-22,22.53,15-ago-22,2.25,03-ago-22,676.1,,,,,,,,,,,,,11/11/2024,20.45020
28-jul-22,8.59,20-jul-22,22.51,12-ago-22,2.2,02-ago-22,711.87,,,,,,,,,,,,,12/11/2024,20.56930
27-jul-22,8.22,19-jul-22,22.51,11-ago-22,2.18,01-ago-22,727.66,,,,,,,,,,,,,13/11/2024,20.60250
26-jul-22,6.97,18-jul-22,22.52,10-ago-22,2.18,29-jul-22,736.86,,,,,,,,,,,,,14/11/2024,20.49400
25-jul-22,6.57,15-jul-22,22.49,09-ago-22,2.19,28-jul-22,697.28,,,,,,,,,,,,,15/11/2024,20.38870
22-jul-22,6.09,14-jul-22,22.5,08-ago-22,2.21,27-jul-22,654.92,,,,,,,,,,,,,19/11/2024,20.18480
21-jul-22,6.12,13-jul-22,22.5,05-ago-22,2.2,26-jul-22,644.12,,,,,,,,,,,,,20/11/2024,20.29030
20-jul-22,6.2,12-jul-22,22.5,04-ago-22,2.15,25-jul-22,648.12,,,,,,,,,,,,,21/11/2024,20.37750
19-jul-22,6.18,11-jul-22,22.5,03-ago-22,2.19,22-jul-22,669.51,,,,,,,,,,,,,22/11/2024,20.48720
18-jul-22,6.21,08-jul-22,22.46,02-ago-22,2.19,21-jul-22,654.52,,,,,,,,,,,,,25/11/2024,20.29930
15-jul-22,6.16,07-jul-22,22.46,01-ago-22,2.16,20-jul-22,660.11,,,,,,,,,,,,,26/11/2024,20.71850
14-jul-22,6.19,06-jul-22,22.46,29-jul-22,2.19,19-jul-22,654.72,,,,,,,,,,,,,27/11/2024,20.64180
13-jul-22,6.48,05-jul-22,22.45,28-jul-22,2.19,18-jul-22,652.52,,,,,,,,,,,,,28/11/2024,20.41730
12-jul-22,6.42,04-jul-22,22.44,27-jul-22,2.1,15-jul-22,645.12,,,,,,,,,,,,,29/11/2024,20.32120
11-jul-22,6.56,01-jul-22,22.38,26-jul-22,2.13,14-jul-22,643.52,,,,,,,,,,,,,02/12/2024,20.43570
08-jul-22,6.9,30-jun-22,22.38,25-jul-22,2.11,13-jul-22,684.09,,,,,,,,,,,,,03/12/2024,20.32330
07-jul-22,6.88,29-jun-22,22.39,22-jul-22,2.1,12-jul-22,658.71,,,,,,,,,,,,,04/12/2024,20.28300
06-jul-22,6.64,28-jun-22,22.4,21-jul-22,2.1,11-jul-22,663.51,,,,,,,,,,,,,05/12/2024,20.19630
05-jul-22,6.73,27-jun-22,22.4,20-jul-22,2.1,08-jul-22,682.7,,,,,,,,,,,,,06/12/2024,20.22750
01-jul-22,7.48,24-jun-22,22.34,19-jul-22,2.11,07-jul-22,673.5,,,,,,,,,,,,,09/12/2024,20.15470
30-jun-22,7.39,23-jun-22,22.27,18-jul-22,2.14,06-jul-22,685.09,,,,,,,,,,,,,10/12/2024,20.24850
29-jun-22,7.8,22-jun-22,22.21,15-jul-22,2.15,05-jul-22,726.26,,,,,,,,,,,,,11/12/2024,20.16470
28-jun-22,7.99,21-jun-22,22.2,14-jul-22,2.06,04-jul-22,778.62,,,,,,,,,,,,,13/12/2024,20.14200
27-jun-22,7.54,20-jun-22,22.2,13-jul-22,2.12,01-jul-22,756.84,,,,,,,,,,,,,16/12/2024,20.14480
24-jun-22,7.15,17-jun-22,22.17,12-jul-22,2.13,30-jun-22,766.23,,,,,,,,,,,,,17/12/2024,20.23630
23-jun-22,6.96,16-jun-22,22.14,11-jul-22,2.1,29-jun-22,779.02,,,,,,,,,,,,,18/12/2024,20.13950
22-jun-22,7.07,15-jun-22,22.13,08-jul-22,2.12,28-jun-22,797.81,,,,,,,,,,,,,19/12/2024,20.44020
21-jun-22,7.29,14-jun-22,22.13,07-jul-22,2.12,27-jun-22,802.01,,,,,,,,,,,,,20/12/2024,20.10350
17-jun-22,7.28,13-jun-22,22.18,06-jul-22,2.07,24-jun-22,786.42,,,,,,,,,,,,,23/12/2024,20.19480
16-jun-22,7.51,10-jun-22,22.22,05-jul-22,2.06,23-jun-22,777.43,,,,,,,,,,,,,24/12/2024,20.15580
15-jun-22,8.09,09-jun-22,22.27,04-jul-22,1.99,22-jun-22,812.6,,,,,,,,,,,,,26/12/2024,20.16570
14-jun-22,7.9,08-jun-22,22.26,01-jul-22,2.03,21-jun-22,810.4,,,,,,,,,,,,,27/12/2024,20.26830
13-jun-22,8.06,07-jun-22,22.17,30-jun-22,2.05,20-jun-22,788.82,,,,,,,,,,,,,30/12/2024,20.51030
10-jun-22,8.68,06-jun-22,22.2,29-jun-22,2.06,17-jun-22,801.21,,,,,,,,,,,,,31/12/2024,20.78620
09-jun-22,8.74,03-jun-22,22.21,28-jun-22,2.05,16-jun-22,816.8,,,,,,,,,,,,,02/01/2025,20.69170
08-jun-22,9.29,02-jun-22,22.21,27-jun-22,2.03,15-jun-22,825.59,,,,,,,,,,,,,03/01/2025,20.67080
07-jun-22,9.52,01-jun-22,22.22,24-jun-22,2,14-jun-22,793.01,,,,,,,,,,,,,06/01/2025,20.31950
06-jun-22,9.21,31-may-22,22.26,23-jun-22,2.03,13-jun-22,789.42,,,,,,,,,,,,,07/01/2025,20.34400
03-jun-22,8.97,30-may-22,22.26,22-jun-22,2.03,10-jun-22,747.85,,,,,,,,,,,,,08/01/2025,20.38230
02-jun-22,9.01,27-may-22,22.26,21-jun-22,1.99,09-jun-22,735.66,,,,,,,,,,,,,09/01/2025,20.47420
01-jun-22,9.1,26-may-22,22.28,20-jun-22,1.95,08-jun-22,768.63,,,,,,,,,,,,,10/01/2025,20.70450
31-may-22,9.13,25-may-22,22.24,17-jun-22,2.04,07-jun-22,772.63,,,,,,,,,,,,,13/01/2025,20.80120
27-may-22,9.64,24-may-22,22.2,16-jun-22,2.04,06-jun-22,778.22,,,,,,,,,,,,,14/01/2025,20.48200
26-may-22,9.33,23-may-22,22.18,15-jun-22,2.05,01-jun-22,768.43,,,,,,,,,,,,,15/01/2025,20.48750
25-may-22,9.33,20-may-22,22.12,14-jun-22,2.07,31-may-22,773.63,,,,,,,,,,,,,16/01/2025,20.77320
24-may-22,8.93,19-may-22,22.1,13-jun-22,2.04,30-may-22,808.6,,,,,,,,,,,,,17/01/2025,20.71800
23-may-22,8.98,18-may-22,22.07,10-jun-22,2.12,27-may-22,801.41,,,,,,,,,,,,,20/01/2025,20.54300
20-may-22,8.52,17-may-22,22.09,09-jun-22,2.1,26-may-22,813.4,,,,,,,,,,,,,21/01/2025,20.63580
19-may-22,8.19,16-may-22,22.07,08-jun-22,2.12,25-may-22,802.81,,,,,,,,,,,,,22/01/2025,20.53970
18-may-22,8.21,13-may-22,22.08,07-jun-22,2.12,24-may-22,818.2,,,,,,,,,,,,,23/01/2025,20.39430
17-may-22,8.76,12-may-22,22.09,06-jun-22,2.11,23-may-22,799.81,,,,,,,,,,,,,24/01/2025,20.22550
16-may-22,8.61,11-may-22,22.04,03-jun-22,2.11,20-may-22,783.82,,,,,,,,,,,,,27/01/2025,20.70020
13-may-22,8.48,10-may-22,22.04,02-jun-22,2.16,19-may-22,773.63,,,,,,,,,,,,,28/01/2025,20.56680
12-may-22,8.03,09-may-22,22.04,01-jun-22,2.19,18-may-22,747.05,,,,,,,,,,,,,29/01/2025,20.56770
11-may-22,8.05,06-may-22,22.02,31-may-22,2.23,17-may-22,777.83,,,,,,,,,,,,,30/01/2025,20.44970
10-may-22,7.79,05-may-22,22.03,30-may-22,2.28,16-may-22,756.24,,,,,,,,,,,,,31/01/2025,20.60680
09-may-22,7.62,04-may-22,22.01,27-may-22,1.55,13-may-22,722.87,,,,,,,,,,,,,04/02/2025,20.42680
06-may-22,8.56,03-may-22,22.03,26-may-22,1.5,12-may-22,703.88,,,,,,,,,,,,,05/02/2025,20.63630
05-may-22,8.39,02-may-22,22.07,25-may-22,1.48,11-may-22,772.63,,,,,,,,,,,,,06/02/2025,20.51250
04-may-22,8.86,29-abr-22,22.06,24-may-22,1.45,10-may-22,762.24,,,,,,,,,,,,,07/02/2025,20.55120
03-may-22,8.82,28-abr-22,22.1,23-may-22,1.42,09-may-22,767.23,,,,,,,,,,,,,10/02/2025,20.66930
02-may-22,8.43,27-abr-22,22.09,20-may-22,1.29,06-may-22,773.23,,,,,,,,,,,,,11/02/2025,20.56800
29-abr-22,8.46,26-abr-22,22.13,19-may-22,1.28,05-may-22,765.43,,,,,,,,,,,,,12/02/2025,20.49170
28-abr-22,8.55,25-abr-22,21.98,18-may-22,1.29,04-may-22,766.03,,,,,,,,,,,,,13/02/2025,20.49780
27-abr-22,8.53,22-abr-22,21.96,17-may-22,1.29,03-may-22,781.42,,,,,,,,,,,,,14/02/2025,20.30820
26-abr-22,8.06,21-abr-22,21.95,16-may-22,1.29,29-abr-22,774.83,,,,,,,,,,,,,17/02/2025,20.28300
25-abr-22,8.16,20-abr-22,21.92,13-may-22,1.28,28-abr-22,764.44,,,,,,,,,,,,,18/02/2025,20.26170
22-abr-22,8.6,19-abr-22,21.97,12-may-22,1.21,27-abr-22,793.02,,,,,,,,,,,,,19/02/2025,20.42080
21-abr-22,9.05,18-abr-22,22.02,11-may-22,1.25,26-abr-22,771.64,,,,,,,,,,,,,20/02/2025,20.37330
20-abr-22,9.33,13-abr-22,21.98,10-may-22,1.25,25-abr-22,746.67,,,,,,,,,,,,,21/02/2025,20.34480
19-abr-22,9.16,12-abr-22,22.01,09-may-22,1.25,22-abr-22,769.25,,,,,,,,,,,,,24/02/2025,20.46400
18-abr-22,9.08,11-abr-22,22.03,06-may-22,1.26,21-abr-22,778.04,,,,,,,,,,,,,25/02/2025,20.46830
14-abr-22,9.01,08-abr-22,22.03,05-may-22,1.31,20-abr-22,782.23,,,,,,,,,,,,,26/02/2025,20.42770
13-abr-22,9.08,07-abr-22,22.04,04-may-22,1.29,19-abr-22,795.22,,,,,,,,,,,,,27/02/2025,20.47220
12-abr-22,8.69,06-abr-22,22.05,03-may-22,1.29,14-abr-22,803.21,,,,,,,,,,,,,28/02/2025,20.50800
11-abr-22,8.63,05-abr-22,22.06,02-may-22,1.28,13-abr-22,821.99,,,,,,,,,,,,,03/03/2025,20.43330
08-abr-22,9.14,04-abr-22,22.04,29-abr-22,1.33,12-abr-22,799.02,,,,,,,,,,,,,04/03/2025,20.85180
07-abr-22,9.22,01-abr-22,22.06,28-abr-22,1.3,11-abr-22,781.03,,,,,,,,,,,,,05/03/2025,20.38930
06-abr-22,9.14,31-mar-22,22.02,27-abr-22,1.33,08-abr-22,778.04,,,,,,,,,,,,,06/03/2025,20.27770
05-abr-22,9.19,30-mar-22,21.97,26-abr-22,1.36,07-abr-22,759.85,,,,,,,,,,,,,07/03/2025,20.28300
04-abr-22,9.74,29-mar-22,21.93,25-abr-22,1.35,06-abr-22,757.26,,,,,,,,,,,,,10/03/2025,20.29220
01-abr-22,9.19,28-mar-22,21.92,22-abr-22,1.35,05-abr-22,756.66,,,,,,,,,,,,,11/03/2025,20.33880
31-mar-22,9.09,25-mar-22,21.95,21-abr-22,1.41,04-abr-22,754.66,,,,,,,,,,,,,12/03/2025,20.18280
30-mar-22,9.01,24-mar-22,21.97,20-abr-22,1.4,01-abr-22,742.67,,,,,,,,,,,,,13/03/2025,20.08480
29-mar-22,8.95,23-mar-22,21.95,19-abr-22,1.4,31-mar-22,733.28,,,,,,,,,,,,,14/03/2025,19.86930
28-mar-22,9.18,22-mar-22,22.02,14-abr-22,1.39,30-mar-22,743.67,,,,,,,,,,,,,18/03/2025,19.98450
25-mar-22,9.22,18-mar-22,21.95,13-abr-22,1.4,29-mar-22,714.5,,,,,,,,,,,,,19/03/2025,20.05530
24-mar-22,9,17-mar-22,21.88,12-abr-22,1.43,28-mar-22,724.49,,,,,,,,,,,,,20/03/2025,20.13450
23-mar-22,9.19,16-mar-22,21.86,11-abr-22,1.35,25-mar-22,740.67,,,,,,,,,,,,,21/03/2025,20.21630
22-mar-22,8.46,15-mar-22,21.85,08-abr-22,1.39,24-mar-22,766.85,,,,,,,,,,,,,24/03/2025,20.11230
21-mar-22,8.44,14-mar-22,21.87,07-abr-22,1.39,23-mar-22,725.29,,,,,,,,,,,,,25/03/2025,20.07620
18-mar-22,7.92,11-mar-22,21.84,06-abr-22,1.4,22-mar-22,718.3,,,,,,,,,,,,,26/03/2025,20.09630
17-mar-22,7.96,10-mar-22,21.87,05-abr-22,1.44,21-mar-22,747.27,,,,,,,,,,,,,27/03/2025,20.31820
16-mar-22,7.48,09-mar-22,21.84,04-abr-22,1.43,18-mar-22,736.28,,,,,,,,,,,,,28/03/2025,20.40030
15-mar-22,7.9,08-mar-22,21.86,01-abr-22,1.39,17-mar-22,730.08,,,,,,,,,,,,,31/03/2025,20.43800
14-mar-22,7.94,07-mar-22,21.93,31-mar-22,1.39,16-mar-22,700.51,,,,,,,,,,,,,01/04/2025,20.35870
11-mar-22,8.42,04-mar-22,21.92,30-mar-22,1.39,15-mar-22,699.91,,,,,,,,,,,,,02/04/2025,20.45680
10-mar-22,8.5,03-mar-22,21.9,29-mar-22,1.42,14-mar-22,720.89,,,,,,,,,,,,,03/04/2025,19.97080
09-mar-22,8.17,02-mar-22,21.87,28-mar-22,1.45,11-mar-22,729.48,,,,,,,,,,,,,04/04/2025,20.50100
08-mar-22,8.43,01-mar-22,21.87,25-mar-22,1.41,10-mar-22,765.45,,,,,,,,,,,,,07/04/2025,20.69470
07-mar-22,8.41,28-feb-22,21.86,24-mar-22,1.39,09-mar-22,748.87,,,,,,,,,,,,,08/04/2025,20.68670
04-mar-22,8.13,25-feb-22,21.66,23-mar-22,1.41,08-mar-22,807.61,,,,,,,,,,,,,09/04/2025,20.76530
03-mar-22,8.32,24-feb-22,21.66,22-mar-22,1.39,07-mar-22,738.68,,,,,,,,,,,,,10/04/2025,20.49200
02-mar-22,8.75,23-feb-22,21.66,21-mar-22,1.39,04-mar-22,741.27,,,,,,,,,,,,,11/04/2025,20.33630
01-mar-22,8.49,22-feb-22,21.67,18-mar-22,1.37,03-mar-22,682.53,,,,,,,,,,,,,14/04/2025,20.10250
28-feb-22,8.25,21-feb-22,21.67,17-mar-22,1.25,02-mar-22,702.11,,,,,,,,,,,,,15/04/2025,20.02130
25-feb-22,8,18-feb-22,21.65,16-mar-22,1.26,01-mar-22,724.09,,,,,,,,,,,,,16/04/2025,19.97370
24-feb-22,8.18,17-feb-22,21.65,15-mar-22,1.21,28-feb-22,717.9,,,,,,,,,,,,,21/04/2025,19.67180
23-feb-22,7.9,16-feb-22,21.63,14-mar-22,1.18,25-feb-22,712.9,,,,,,,,,,,,,22/04/2025,19.56880
22-feb-22,6.94,15-feb-22,21.63,11-mar-22,1.15,24-feb-22,715.1,,,,,,,,,,,,,23/04/2025,19.62780
18-feb-22,6.9,14-feb-22,21.64,10-mar-22,1.16,23-feb-22,687.53,,,,,,,,,,,,,24/04/2025,19.58250
17-feb-22,7.19,11-feb-22,21.64,09-mar-22,1.12,22-feb-22,679.93,,,,,,,,,,,,,25/04/2025,19.54780
16-feb-22,7.2,10-feb-22,21.66,08-mar-22,1.13,21-feb-22,696.12,,,,,,,,,,,,,28/04/2025,19.57230
15-feb-22,6.89,09-feb-22,21.66,07-mar-22,1.2,18-feb-22,685.13,,,,,,,,,,,,,29/04/2025,19.58680
14-feb-22,7.05,08-feb-22,21.67,04-mar-22,1.21,17-feb-22,694.32,,,,,,,,,,,,,30/04/2025,19.60950
11-feb-22,7,04-feb-22,21.66,03-mar-22,1.24,16-feb-22,665.75,,,,,,,,,,,,,02/05/2025,19.65700
10-feb-22,6.93,03-feb-22,21.67,02-mar-22,1.16,15-feb-22,642.17,,,,,,,,,,,,,05/05/2025,19.63650
09-feb-22,6.74,02-feb-22,21.66,01-mar-22,1.14,14-feb-22,665.15,,,,,,,,,,,,,06/05/2025,19.67850
08-feb-22,6.62,01-feb-22,21.65,28-feb-22,1.14,11-feb-22,621.79,,,,,,,,,,,,,07/05/2025,19.58800
07-feb-22,6.67,31-ene-22,21.63,25-feb-22,1.1,10-feb-22,630.98,,,,,,,,,,,,,08/05/2025,19.56420
04-feb-22,6.42,28-ene-22,21.61,24-feb-22,1.09,09-feb-22,635.38,,,,,,,,,,,,,09/05/2025,19.49120
03-feb-22,6.32,27-ene-22,21.64,23-feb-22,1.16,08-feb-22,628.18,,,,,,,,,,,,,12/05/2025,19.61620
02-feb-22,6.39,26-ene-22,21.66,22-feb-22,1.08,07-feb-22,625.39,,,,,,,,,,,,,13/05/2025,19.43730
01-feb-22,6.48,25-ene-22,21.66,21-feb-22,1.08,04-feb-22,623.79,,,,,,,,,,,,,14/05/2025,19.36300
31-ene-22,6.27,24-ene-22,21.64,18-feb-22,1.06,03-feb-22,622.59,,,,,,,,,,,,,15/05/2025,19.47800
28-ene-22,6.25,21-ene-22,21.63,17-feb-22,1.08,02-feb-22,636.18,,,,,,,,,,,,,16/05/2025,19.51470
27-ene-22,5.81,20-ene-22,21.59,16-feb-22,1.02,01-feb-22,648.96,,,,,,,,,,,,,19/05/2025,19.37230
26-ene-22,5.87,19-ene-22,21.58,15-feb-22,1,31-ene-22,624.19,,,,,,,,,,,,,20/05/2025,19.26480
25-ene-22,5.77,18-ene-22,21.58,14-feb-22,1.03,28-ene-22,631.18,,,,,,,,,,,,,21/05/2025,19.31980
24-ene-22,5.35,17-ene-22,21.57,11-feb-22,0.98,27-ene-22,635.78,,,,,,,,,,,,,22/05/2025,19.32270
21-ene-22,5.69,14-ene-22,21.57,10-feb-22,1.01,26-ene-22,687.13,,,,,,,,,,,,,23/05/2025,19.27480
20-ene-22,5.87,13-ene-22,21.55,09-feb-22,1.01,25-ene-22,804.21,,,,,,,,,,,,,26/05/2025,19.21880
19-ene-22,6.18,12-ene-22,21.56,08-feb-22,0.99,24-ene-22,798.62,,,,,,,,,,,,,27/05/2025,19.23380
18-ene-22,6.14,11-ene-22,21.6,07-feb-22,0.97,21-ene-22,829.59,,,,,,,,,,,,,28/05/2025,19.40000
14-ene-22,6.21,10-ene-22,21.65,04-feb-22,0.98,20-ene-22,860.76,,,,,,,,,,,,,29/05/2025,19.32800
13-ene-22,6.14,07-ene-22,21.63,03-feb-22,1.03,19-ene-22,838.38,,,,,,,,,,,,,30/05/2025,19.38580
12-ene-22,6.14,06-ene-22,21.66,02-feb-22,1.07,18-ene-22,799.22,,,,,,,,,,,,,02/06/2025,19.23380
11-ene-22,5.97,05-ene-22,21.68,01-feb-22,1.05,17-ene-22,803.41,,,,,,,,,,,,,03/06/2025,19.26380
10-ene-22,5.65,04-ene-22,21.72,31-ene-22,1.03,14-ene-22,806.81,,,,,,,,,,,,,04/06/2025,19.19320
07-ene-22,5.71,03-ene-22,21.76,28-ene-22,1.01,13-ene-22,836.58,,,,,,,,,,,,,05/06/2025,19.17000
06-ene-22,5.54,,,27-ene-22,1.01,12-ene-22,835.78,,,,,,,,,,,,,06/06/2025,19.13170
05-ene-22,5.43,,,26-ene-22,1.03,11-ene-22,823.79,,,,,,,,,,,,,09/06/2025,19.05950
04-ene-22,5.77,,,25-ene-22,1.04,10-ene-22,803.01,,,,,,,,,,,,,10/06/2025,19.05180
03-ene-22,5.36,,,24-ene-22,1.03,07-ene-22,819,,,,,,,,,,,,,11/06/2025,18.87900
,,,,21-ene-22,1.13,06-ene-22,819.8,,,,,,,,,,,,,12/06/2025,18.90680
,,,,20-ene-22,1.12,05-ene-22,854.76,,,,,,,,,,,,,13/06/2025,18.93020
,,,,19-ene-22,1.13,04-ene-22,851.76,,,,,,,,,,,,,,
,,,,18-ene-22,1.17,,,,,,,,,,,,,,,,
,,,,17-ene-22,1.13,,,,,,,,,,,,,,,,
,,,,14-ene-22,1.14,,,,,,,,,,,,,,,,
,,,,13-ene-22,1.16,,,,,,,,,,,,,,,,
,,,,12-ene-22,1.11,,,,,,,,,,,,,,,,
,,,,11-ene-22,1.1,,,,,,,,,,,,,,,,
,,,,10-ene-22,1.09,,,,,,,,,,,,,,,,
,,,,07-ene-22,1.12,,,,,,,,,,,,,,,,
,,,,06-ene-22,1.1,,,,,,,,,,,,,,,,
,,,,05-ene-22,1.16,,,,,,,,,,,,,,,,
,,,,04-ene-22,1.15,,,,,,,,,,,,,,,,
,,,,03-ene-22,1.18,,,,,,,,,,,,,,,,
,,,,,,,,,,,,,,,,,,,,,
